ID,Name,Name_en,ナンバリング,種族,別名,モンスター格付け,素材削減,咆哮レベル,風圧レベル,耐震,状態異常,補足,レア6部位,弱点部位1,弱点部位2,弱点部位3,弱点属性画像1,弱点属性1,弱点属性画像2,弱点属性2,弱点属性画像3,弱点属性3,弱点属性画像4,弱点属性4,弱点属性画像5,弱点属性5,弱点属性一覧,①攻撃属性画像,①攻撃属性,②攻撃属性画像,②攻撃属性,③攻撃属性画像,③攻撃属性,攻撃属性一覧,アイコン画像,画像,裂傷,漂流石,閃光,未公開,次元変異未登場,次元臨界未登場,登場日,初登場タイトル,クエスト,登場するシーズンs,出現エリア,武器一覧,CreatedAt,UpdatedAt
9vN2mR8p,トビカガチ亜種,ViperTobiKadachi,64,牙竜種,飛毒竜（ひどくりゅう）,亜種,,,,,,,尻尾,,,,https://s3.ap-northeast-1.amazonaws.com/staging.click-platform.dbfile/user34252/2025/08/29/91c224e1878.png?AWSAccessKeyId=AKIA3JCH5IRY54KVZTMW&Expires=2071839586&Signature=GRb2faC6b4AXBlNajRNyoB2R3kk%3D,雷,,,,,,,,,,https://s3.ap-northeast-1.amazonaws.com/staging.click-platform.dbfile/user34252/2025/06/11/92f081da6b3.png?AWSAccessKeyId=AKIA3JCH5IRY54KVZTMW&Expires=2064967187&Signature=nYAOSQNfH5Kp912jW2Q59Jxs3iM%3D,毒,https://s3.ap-northeast-1.amazonaws.com/staging.click-platform.dbfile/user34252/2025/01/30/0968a1c7228.png?AWSAccessKeyId=AKIA3JCH5IRY54KVZTMW&Expires=2053582200&Signature=Xz4qjde3Jih0aMyijf6QtLj2KOM%3D,麻痺,,,,https://monchan-db.s3.ap-northeast-1.amazonaws.com/mons_i/viper_tobikadachi_i.png,https://monchan-db.s3.ap-northeast-1.amazonaws.com/mons/viper_tobikadachi.png,,,,FALSE,FALSE,FALSE,2026/3/19,モンスターハンター：ワールド,,,雪原,"双剣,太刀,ガンランス,チャージアックス,操虫棍,ヘビィボウガン,弓",,
kX5wT9qL,セルレギオス,Seregios,63,飛竜種,千刃竜（せんじんりゅう）,通常種,,,,,,,頭,,,,https://s3.ap-northeast-1.amazonaws.com/staging.click-platform.dbfile/user34252/2025/08/29/91c224e1878.png?AWSAccessKeyId=AKIA3JCH5IRY54KVZTMW&Expires=2071839586&Signature=GRb2faC6b4AXBlNajRNyoB2R3kk%3D,雷,,,,,,,,,,https://s3.ap-northeast-1.amazonaws.com/staging.click-platform.dbfile/user34252/2025/10/17/0b7b86d0d90.png?AWSAccessKeyId=AKIA3JCH5IRY54KVZTMW&Expires=2076050065&Signature=dYL1SzXiB76o%2Bd6J0a1Rvu%2BIzY8%3D,無属性,,,,,,https://monchan-db.s3.ap-northeast-1.amazonaws.com/mons_i/seregios_i.png,https://monchan-db.s3.ap-northeast-1.amazonaws.com/mons/seregios.png,,,,FALSE,FALSE,FALSE,2026/3/19,モンスターハンター4G,,,"森林,砂漠,沼地","片手剣,双剣,大剣,太刀,ハンマー,狩猟笛,ランス,ガンランス,スラッシュアックス,チャージアックス,操虫棍,ライトボウガン,ヘビィボウガン,弓",,
3bM7zH4j,オロミドロ,Almudron,62,海竜種,泥翁竜（でいおうりゅう）,通常種,,,,,,,頭,,,,https://s3.ap-northeast-1.amazonaws.com/staging.click-platform.dbfile/user34252/2025/11/25/108a2d269e9.png?AWSAccessKeyId=AKIA3JCH5IRY54KVZTMW&Expires=2079434044&Signature=qqlonGVVSkj47Ns1gXesT5as6dc%3D,火,,,,,,,,,,https://s3.ap-northeast-1.amazonaws.com/staging.click-platform.dbfile/user34252/2025/06/24/54424ca2ad9.png?AWSAccessKeyId=AKIA3JCH5IRY54KVZTMW&Expires=2066089235&Signature=PoVSJVcEQi9mBtvhms2cLvtQJ%2Fs%3D,水,,,,,,https://monchan-db.s3.ap-northeast-1.amazonaws.com/mons_i/almudron_i.png,https://monchan-db.s3.ap-northeast-1.amazonaws.com/mons/almudron.png,,,,FALSE,FALSE,FALSE,2026/3/19,モンスターハンターライズ,,迫る千刃と春宵の跳躍,"砂漠,沼地","双剣,太刀,ハンマー,ガンランス,スラッシュアックス,ライトボウガン,弓",,
fR8tP2nB,ケマトリス,Quematrice,61,獣竜種,炎尾竜（えんびりゅう）,通常種,,,,,,,尻尾,,,,https://s3.ap-northeast-1.amazonaws.com/staging.click-platform.dbfile/user34252/2025/11/25/ccd594af57f.png?AWSAccessKeyId=AKIA3JCH5IRY54KVZTMW&Expires=2079434114&Signature=fpcYW8DlzMIH2YxIgdheQjvsIuw%3D,水,,,,,,,,,水属性,https://s3.ap-northeast-1.amazonaws.com/staging.click-platform.dbfile/user34252/2025/11/26/446ad655e47.png?AWSAccessKeyId=AKIA3JCH5IRY54KVZTMW&Expires=2079516928&Signature=FiNPZe8uLcP91cAth2nCpZ1Xm1Y%3D,火,,,,,火,https://monchan-db.s3.ap-northeast-1.amazonaws.com/mons_i/quematrice_1.png,https://s3.ap-northeast-1.amazonaws.com/staging.click-platform.dbfile/user34252/2025/11/30/a7487a9774c.png?AWSAccessKeyId=AKIA3JCH5IRY54KVZTMW&Expires=2079868348&Signature=kZnwFUQFJCpUfUUsy1QFVcVCc9c%3D,,,,FALSE,FALSE,FALSE,2025/12/11,モンスターハンターストーリーズ,"2025/12/11,,2026/01/19",要撃用意！次元臨界の咆哮,砂漠,"片手剣,双剣,大剣,太刀,ランス,ガンランス,弓",2025/11/25 21:23:40,2025/12/11 14:11:43
G6sD4mYw,ゴシャハギ,GossHarag,60,牙獣種,雪鬼獣（せっきじゅう）,通常種,,,,,,興奮すると全身が赤くなり、注意が必要。氷の刃を生成して、武器として利用できる。,頭,,,,https://s3.ap-northeast-1.amazonaws.com/staging.click-platform.dbfile/user34252/2025/11/25/108a2d269e9.png?AWSAccessKeyId=AKIA3JCH5IRY54KVZTMW&Expires=2079434044&Signature=qqlonGVVSkj47Ns1gXesT5as6dc%3D,火,,,,,,,,,火属性,https://s3.ap-northeast-1.amazonaws.com/staging.click-platform.dbfile/user34252/2025/11/26/c3446753122.png?AWSAccessKeyId=AKIA3JCH5IRY54KVZTMW&Expires=2079516915&Signature=6G1yUmf9gGzLsTO5I2c%2BQcxkoNM%3D,氷,,,,,氷,https://s3.ap-northeast-1.amazonaws.com/staging.click-platform.dbfile/user34252/2025/11/25/767e02a558a.png?AWSAccessKeyId=AKIA3JCH5IRY54KVZTMW&Expires=2079436318&Signature=No2TSrz%2Fe17D%2F%2BysS2DXNoYanyQ%3D,https://s3.ap-northeast-1.amazonaws.com/staging.click-platform.dbfile/user34252/2025/11/30/e4d23e77222.png?AWSAccessKeyId=AKIA3JCH5IRY54KVZTMW&Expires=2079868530&Signature=jtJCy3f3o5W7xYUy7Houf3xupoI%3D,,,,FALSE,FALSE,FALSE,2025/12/11,モンスターハンターライズ,"2025/12/11,,2026/01/19,2026/01/26",要撃用意！次元臨界の咆哮,"沼地,雪原","片手剣,大剣,ハンマー,ランス,チャージアックス,操虫棍,ライトボウガン",2025/11/25 21:21:25,2025/12/16 17:11:30
jL1kX9vC,ライゼクス,Astalos,59,飛竜種,雷竜（らいりゅう）,通常種,,,,,,,尻尾,,,,https://s3.ap-northeast-1.amazonaws.com/staging.click-platform.dbfile/user34252/2025/11/25/560354d23c0.png?AWSAccessKeyId=AKIA3JCH5IRY54KVZTMW&Expires=2079433633&Signature=29qLDrwN%2B2p%2BG6%2FTTLpQJrqBNJE%3D,氷,,,,,,,,,氷属性,https://s3.ap-northeast-1.amazonaws.com/staging.click-platform.dbfile/user34252/2025/11/26/43ffb631de4.png?AWSAccessKeyId=AKIA3JCH5IRY54KVZTMW&Expires=2079516897&Signature=qMg0wrxO2am0bi77Bekjkxcdgwg%3D,雷,https://s3.ap-northeast-1.amazonaws.com/staging.click-platform.dbfile/user34252/2025/11/26/daf2e3f6a16.png?AWSAccessKeyId=AKIA3JCH5IRY54KVZTMW&Expires=2079516939&Signature=eJVDeHk8xLFpRz5td%2FENXL78AjI%3D,麻痺,,,雷麻痺,https://s3.ap-northeast-1.amazonaws.com/staging.click-platform.dbfile/user34252/2025/11/25/31fef020b34.png?AWSAccessKeyId=AKIA3JCH5IRY54KVZTMW&Expires=2079435039&Signature=qGZq%2Fnjj%2Bu%2FPP7XpUFqTswZaFRk%3D,https://s3.ap-northeast-1.amazonaws.com/staging.click-platform.dbfile/user34252/2025/11/30/7ba9dc62acc.png?AWSAccessKeyId=AKIA3JCH5IRY54KVZTMW&Expires=2079867317&Signature=3DsAbK0Fv8VjtiE8v68YzwDcQVc%3D,,,,FALSE,FALSE,FALSE,2025/12/11,モンスターハンタークロス,"2025/12/11,2025/12/22,2025/12/29,,2026/01/05,2026/01/12",要撃用意！次元臨界の咆哮,"森林,沼地","片手剣,双剣,大剣,太刀,ハンマー,狩猟笛,ランス,ガンランス,スラッシュアックス,チャージアックス,操虫棍,ライトボウガン,ヘビィボウガン,弓",2025/11/25 21:20:59,2025/12/16 17:13:37
5hP3nS7r,ティガレックス亜種,BruteTigrex,58,飛竜種,黒轟竜（こくごうりゅう）,亜種,,大,なし,,,頭破壊でダメージ咆哮を弱体化できる?,尻尾,,,,https://s3.ap-northeast-1.amazonaws.com/staging.click-platform.dbfile/user34252/2025/09/28/ed4d34d338b.png?AWSAccessKeyId=AKIA3JCH5IRY54KVZTMW&Expires=2074431542&Signature=XmF9%2FJFssCxq3sQ9nSHWfHkO9gw%3D,水,https://s3.ap-northeast-1.amazonaws.com/staging.click-platform.dbfile/user34252/2025/09/28/34d338b5aa8.png?AWSAccessKeyId=AKIA3JCH5IRY54KVZTMW&Expires=2074431551&Signature=IektHC9mFKL5WC%2FKh7A59gbEIgc%3D,龍,,,,,,,水属性,https://s3.ap-northeast-1.amazonaws.com/staging.click-platform.dbfile/user34252/2025/10/17/f27b1b06d0b.png?AWSAccessKeyId=AKIA3JCH5IRY54KVZTMW&Expires=2076050051&Signature=i10xGR50pa0dnZD5hHn9XILG%2BTs%3D,無属性,,,,,無,https://s3.ap-northeast-1.amazonaws.com/staging.click-platform.dbfile/user34252/2025/11/30/797b59166b0.png?AWSAccessKeyId=AKIA3JCH5IRY54KVZTMW&Expires=2079867155&Signature=3b06pTWFA%2BlRb3YM33IQusKdWfE%3D,https://s3.ap-northeast-1.amazonaws.com/staging.click-platform.dbfile/user34252/2025/11/04/aab49a01ec3.png?AWSAccessKeyId=AKIA3JCH5IRY54KVZTMW&Expires=2077592156&Signature=wM9qYabFvNnHaKrVUlXD4njvsbQ%3D,,黒,,FALSE,FALSE,FALSE,2025/10/27,モンスターハンターポータブル2ndG,"2025/10/27,2025/11/03,2025/12/1,2025/12/5,,2026/01/05,2026/01/19",要撃用意！次元臨界の咆哮,"森林,砂漠","片手剣,双剣,大剣,太刀,狩猟笛,ランス,ガンランス,スラッシュアックス,チャージアックス,操虫棍,ライトボウガン,ヘビィボウガン,弓",2025/09/28 23:58:00,2025/12/16 17:12:51
W2tG8qMf,メル・ゼナ,Malzeno,57,古龍種,爵銀龍（しゃくぎんりゅう）,古龍種,,大,小,,,,頭,,,,https://s3.ap-northeast-1.amazonaws.com/staging.click-platform.dbfile/user34252/2025/08/30/bb3154ccda9.png?AWSAccessKeyId=AKIA3JCH5IRY54KVZTMW&Expires=2071842149&Signature=XZY50g2cX%2FwvMN1vsWtbU6nudzA%3D,龍,,,,,,,,,龍属性,https://s3.ap-northeast-1.amazonaws.com/staging.click-platform.dbfile/user34252/2025/11/13/b62c9cd17b1.png?AWSAccessKeyId=AKIA3JCH5IRY54KVZTMW&Expires=2078350458&Signature=2AVUqnrWY4wNZmXB%2FQTje409oMY%3D,龍,,,,,龍,https://s3.ap-northeast-1.amazonaws.com/staging.click-platform.dbfile/user34252/2025/11/08/d827900cfb8.jpg?AWSAccessKeyId=AKIA3JCH5IRY54KVZTMW&Expires=2077951480&Signature=CnVg%2B%2BKUkiVyerKN6HrAn%2F%2Fnz%2F0%3D,https://s3.ap-northeast-1.amazonaws.com/staging.click-platform.dbfile/user34252/2025/11/21/ab1c3ba3afa.png?AWSAccessKeyId=AKIA3JCH5IRY54KVZTMW&Expires=2079043050&Signature=cRxJ7c%2BtcQ9Ypp3bV7mSN8B7IEg%3D,,,,FALSE,FALSE,FALSE,2025/11/20,モンスターハンターライズ：サンブレイク,"2025/11/20,2025/11/22,2025/11/24,2025/12/1,2025/12/5",,古龍迎撃戦,"片手剣,双剣,大剣,太刀,ハンマー,狩猟笛,ランス,ガンランス,スラッシュアックス,チャージアックス,操虫棍,ヘビィボウガン,弓",2025/08/30 0:26:53,2025/12/08 16:35:04
9kZ1vX4y,ガランゴルム,Garangolm,56,牙獣種,剛纏獣（ごうてんじゅう）,通常種,,大,なし,,,植物や周囲の土砂を体液で固め、体に纏うことでその部位での攻撃を強化,頭,,,,https://s3.ap-northeast-1.amazonaws.com/staging.click-platform.dbfile/user34252/2025/08/29/91c224e1878.png?AWSAccessKeyId=AKIA3JCH5IRY54KVZTMW&Expires=2071839586&Signature=GRb2faC6b4AXBlNajRNyoB2R3kk%3D,雷,,,,,,,,,雷属性,https://s3.ap-northeast-1.amazonaws.com/staging.click-platform.dbfile/user34252/2025/10/17/06d0b7b86d0.png?AWSAccessKeyId=AKIA3JCH5IRY54KVZTMW&Expires=2076050057&Signature=IccG5LWUCJG5T9411ztVOU%2FqgnM%3D,無属性,,,,,無,https://s3.ap-northeast-1.amazonaws.com/staging.click-platform.dbfile/user34252/2025/11/30/cb918d75d2b.png?AWSAccessKeyId=AKIA3JCH5IRY54KVZTMW&Expires=2079866935&Signature=bKbZzo1ymh9NboyEqvtJsRfa11E%3D,https://s3.ap-northeast-1.amazonaws.com/staging.click-platform.dbfile/user34252/2025/09/18/1cc669afbd8.png?AWSAccessKeyId=AKIA3JCH5IRY54KVZTMW&Expires=2073560598&Signature=L%2BgVC9i0xhR9PMb6IKRTW6TsvCI%3D,,白,,FALSE,FALSE,FALSE,2025/09/18,モンスターハンターライズ：サンブレイク,"2025/09/18,2025/09/19,,2025/12/5,,2026/01/12",集い築け！空飛ぶ探索拠点！,"森林,沼地","片手剣,双剣,大剣,太刀,ハンマー,狩猟笛,ランス,ガンランス,スラッシュアックス,チャージアックス,操虫棍,ライトボウガン,ヘビィボウガン,弓",2025/08/29 23:59:52,2025/12/05 10:14:23
bM6tH2rN,ルナガロン,Lunagaron,55,牙竜種,氷狼竜（ひょうろうりゅう）,通常種,,大,なし,,,,頭,,,,https://s3.ap-northeast-1.amazonaws.com/staging.click-platform.dbfile/user34252/2025/08/29/7b7914749a2.png?AWSAccessKeyId=AKIA3JCH5IRY54KVZTMW&Expires=2071839525&Signature=HKVGbIBWBynglnzepHJczmO0XIk%3D,火,,,,,,,,,火属性,https://s3.ap-northeast-1.amazonaws.com/staging.click-platform.dbfile/user34252/2025/09/05/c0cf5aa8d48.png?AWSAccessKeyId=AKIA3JCH5IRY54KVZTMW&Expires=2072437132&Signature=gMS6LgtC%2BXnzFVkNfJphH%2B5Zg74%3D,氷,,,,,氷,https://s3.ap-northeast-1.amazonaws.com/staging.click-platform.dbfile/user34252/2025/11/30/531249ca11a.png?AWSAccessKeyId=AKIA3JCH5IRY54KVZTMW&Expires=2079866723&Signature=%2FoeM1HH7yZTGEmv7bAimZuluMPs%3D,https://s3.ap-northeast-1.amazonaws.com/staging.click-platform.dbfile/user34252/2025/09/18/b461cc669af.png?AWSAccessKeyId=AKIA3JCH5IRY54KVZTMW&Expires=2073560590&Signature=iolPUbnzJ%2BW4yZ%2FU373EFOmtwl0%3D,,水色,,FALSE,FALSE,FALSE,2025/09/18,モンスターハンターライズ：サンブレイク,"2025/09/18,2025/09/19,,2025/10/20,2025/12/1,2025/12/5,,2026/01/19",集い築け！空飛ぶ探索拠点！要撃用意！次元臨界の咆哮,"森林,沼地,雪原","片手剣,双剣,大剣,太刀,ハンマー,狩猟笛,ランス,ガンランス,スラッシュアックス,チャージアックス,操虫棍,ライトボウガン,ヘビィボウガン,弓",2025/08/29 23:58:18,2025/12/16 17:13:24
7vC4kX9p,エスピナス,Espinas,54,飛竜種,棘竜（きょくりゅう）,通常種,,大,なし,,,危険を感じると甲殻と翼膜の一部を赤く染めて凶暴化して暴れ回る,尻尾,,,,https://s3.ap-northeast-1.amazonaws.com/staging.click-platform.dbfile/user34252/2025/08/29/fcc905eddfb.png?AWSAccessKeyId=AKIA3JCH5IRY54KVZTMW&Expires=2071839455&Signature=aWlKbg0MRqrcs%2BpP12PymLaBpXU%3D,氷,https://s3.ap-northeast-1.amazonaws.com/staging.click-platform.dbfile/user34252/2025/08/29/c905eddfbee.png?AWSAccessKeyId=AKIA3JCH5IRY54KVZTMW&Expires=2071839467&Signature=nNJPdxnp51iVu%2FAYXQcY5XVb3lg%3D,龍,,,,,,,氷属性龍属性,https://s3.ap-northeast-1.amazonaws.com/staging.click-platform.dbfile/user34252/2025/09/05/1a134570892.png?AWSAccessKeyId=AKIA3JCH5IRY54KVZTMW&Expires=2072437076&Signature=nJ%2Bf7sQwT9G5oVbEHRjNs7hsvWg%3D,火,https://s3.ap-northeast-1.amazonaws.com/staging.click-platform.dbfile/user34252/2025/09/05/570892279b3.png?AWSAccessKeyId=AKIA3JCH5IRY54KVZTMW&Expires=2072437087&Signature=vVOVBv0j0JM5%2B7L38f2I0rWOxbU%3D,毒,https://s3.ap-northeast-1.amazonaws.com/staging.click-platform.dbfile/user34252/2025/09/05/b32b46db18e.png?AWSAccessKeyId=AKIA3JCH5IRY54KVZTMW&Expires=2072437097&Signature=zi5UOlLaHpeFA8xfc8BfYEz57fU%3D,麻痺,火毒麻痺,https://s3.ap-northeast-1.amazonaws.com/staging.click-platform.dbfile/user34252/2025/11/30/cc5b4d3e659.png?AWSAccessKeyId=AKIA3JCH5IRY54KVZTMW&Expires=2079854606&Signature=Ft9tkK64YqsK9prloOIMNC5MtqI%3D,https://s3.ap-northeast-1.amazonaws.com/staging.click-platform.dbfile/user34252/2025/09/18/669afbd80d7.png?AWSAccessKeyId=AKIA3JCH5IRY54KVZTMW&Expires=2073560604&Signature=bpdp9g9QHkDk7PTVsoXzFif7I4w%3D,,赤,,FALSE,FALSE,FALSE,2025/09/18,モンスターハンターフロンティア,"2025/10/06,2025/09/18,2025/09/19,2025/10/27,2025/12/5,2025/12/05,2025/12/29,,",集い築け！空飛ぶ探索拠点！要撃用意！次元臨界の咆哮,森林,"片手剣,双剣,大剣,太刀,ハンマー,狩猟笛,ランス,ガンランス,スラッシュアックス,チャージアックス,操虫棍,ライトボウガン,ヘビィボウガン,弓",2025/08/29 23:57:51,2025/12/16 17:12:22
D8mS3n2w,アンジャナフ亜種,FulgurAnjanath,53,獣竜種,雷顎竜（ばんがくりゅう）,亜種,,小,小,小,,帯電状態中は「水属性攻撃」が極めて有効。弱点の頭部を破壊すると帯電状態を解除できる。,尻尾,,,,https://s3.ap-northeast-1.amazonaws.com/staging.click-platform.dbfile/user34252/2025/07/28/9d1485d3aa1.png?AWSAccessKeyId=AKIA3JCH5IRY54KVZTMW&Expires=2069063197&Signature=dlHDf6zrzOmuj7iv6oIbwFJDuXY%3D,水,,,,,,,,,水属性,https://s3.ap-northeast-1.amazonaws.com/staging.click-platform.dbfile/user34252/2025/07/28/02abf34acbb.png?AWSAccessKeyId=AKIA3JCH5IRY54KVZTMW&Expires=2069063414&Signature=%2FI4IjzrfblAH7UI7Hc7kDoK%2BZ%2FQ%3D,雷,,,,,雷,https://s3.ap-northeast-1.amazonaws.com/staging.click-platform.dbfile/user34252/2025/07/28/71c6a8d0675.jpg?AWSAccessKeyId=AKIA3JCH5IRY54KVZTMW&Expires=2069028828&Signature=LgpoGwkme7RkXNR24CirhGahnU8%3D,https://s3.ap-northeast-1.amazonaws.com/staging.click-platform.dbfile/user34252/2025/08/19/43fb330942e.png?AWSAccessKeyId=AKIA3JCH5IRY54KVZTMW&Expires=2070938522&Signature=%2BSKkEZ1ww5q%2BYBIwleS8Ab7T%2FkI%3D,,黄色,,FALSE,FALSE,FALSE,2025/08/18,モンスターハンター：ワールド,",2025/08/18,2025/09/08,2025/12/1,2025/12/22,",集い築け！空飛ぶ探索拠点！要撃用意！次元臨界の咆哮,"森林,砂漠,沼地,雪原","片手剣,双剣,大剣,太刀,ハンマー,狩猟笛,ガンランス,スラッシュアックス,操虫棍,ライトボウガン,ヘビィボウガン,弓",2025/07/28 11:11:15,2025/12/16 17:13:31
gP5vT9rL,ネロミェール,Namielle,52,古龍種,溟龍（めいりゅう）,古龍種,,大,なし,,,全身に水を纏った、雷を操る古龍。独自の発電器官を持っており、放出した水に向けて電撃を放ち、大爆発を巻き起こす。龍属性攻撃は、水纏いに有効。,頭,,,,https://s3.ap-northeast-1.amazonaws.com/staging.click-platform.dbfile/user34252/2025/06/26/383c5567f51.png?AWSAccessKeyId=AKIA3JCH5IRY54KVZTMW&Expires=2066258011&Signature=nIMmMOXIMI%2BvAxBQK6JpYCmGwG8%3D,火,https://s3.ap-northeast-1.amazonaws.com/staging.click-platform.dbfile/user34252/2025/06/26/c5567f5103c.png?AWSAccessKeyId=AKIA3JCH5IRY54KVZTMW&Expires=2066258019&Signature=A7YW0SQ5UOiBb262LdZxfbDkERk%3D,毒,https://s3.ap-northeast-1.amazonaws.com/staging.click-platform.dbfile/user34252/2025/06/26/5103c64e381.png?AWSAccessKeyId=AKIA3JCH5IRY54KVZTMW&Expires=2066258026&Signature=2hrr1edqNDlJExeIiGURlkZOInw%3D,爆破,,,,,火属性毒爆破,https://s3.ap-northeast-1.amazonaws.com/staging.click-platform.dbfile/user34252/2025/06/24/54424ca2ad9.png?AWSAccessKeyId=AKIA3JCH5IRY54KVZTMW&Expires=2066089235&Signature=PoVSJVcEQi9mBtvhms2cLvtQJ%2Fs%3D,水,,,,,水,https://s3.ap-northeast-1.amazonaws.com/staging.click-platform.dbfile/user34252/2025/07/27/8239fed0a1e.png?AWSAccessKeyId=AKIA3JCH5IRY54KVZTMW&Expires=2068978792&Signature=iMeGc5GV3S%2BCw7mp21h8xlDrvpE%3D,https://s3.ap-northeast-1.amazonaws.com/staging.click-platform.dbfile/user34252/2025/06/26/4ee46528c03.png?AWSAccessKeyId=AKIA3JCH5IRY54KVZTMW&Expires=2066258162&Signature=t1bEiTrt2vgRQdIHTJ2ZsAPqEDQ%3D,,,,FALSE,FALSE,FALSE,2025/07/26,モンスターハンター：ワールド,"2025/07/26,2025/09/08,2025/12/1",,古龍迎撃戦,"片手剣,太刀,狩猟笛,ランス,ガンランス,スラッシュアックス,チャージアックス,操虫棍,ライトボウガン,ヘビィボウガン,弓",2025/06/24 10:39:31,2025/12/08 16:35:43
X4yZ1k3m,ドスフロギィ,GreatWroggi,51,鳥竜種,毒狗竜（どくくりゅう）,通常種,素材削減,なし,なし,なし,毒,バックステップした後に吐く毒が強力でガードで防げない,頭,,,,https://s3.ap-northeast-1.amazonaws.com/staging.click-platform.dbfile/user34252/2025/06/11/486861191b4.png?AWSAccessKeyId=AKIA3JCH5IRY54KVZTMW&Expires=2064967157&Signature=TYtRD%2F0vGlApYpW%2F%2F9dI1CWMPKU%3D,氷,https://s3.ap-northeast-1.amazonaws.com/staging.click-platform.dbfile/user34252/2025/06/11/91b41392f08.png?AWSAccessKeyId=AKIA3JCH5IRY54KVZTMW&Expires=2064967166&Signature=1BCz%2BdMZ2P3afJtPuv36uBHyFFU%3D,麻痺,https://s3.ap-northeast-1.amazonaws.com/staging.click-platform.dbfile/user34252/2025/06/11/1392f081da6.png?AWSAccessKeyId=AKIA3JCH5IRY54KVZTMW&Expires=2064967176&Signature=xpKOXhXW0wstjiX2K072XmaENGw%3D,睡眠,,,,,氷属性麻痺睡眠,https://s3.ap-northeast-1.amazonaws.com/staging.click-platform.dbfile/user34252/2025/06/11/92f081da6b3.png?AWSAccessKeyId=AKIA3JCH5IRY54KVZTMW&Expires=2064967187&Signature=nYAOSQNfH5Kp912jW2Q59Jxs3iM%3D,毒,,,,,毒,https://s3.ap-northeast-1.amazonaws.com/staging.click-platform.dbfile/user34252/2025/06/24/a864e44f85f.png?AWSAccessKeyId=AKIA3JCH5IRY54KVZTMW&Expires=2066091747&Signature=dy%2BZrHO%2Fo8%2BNL3HsDhvCEg5C6js%3D,https://s3.ap-northeast-1.amazonaws.com/staging.click-platform.dbfile/user34252/2025/06/19/a54f4cc9c39.png?AWSAccessKeyId=AKIA3JCH5IRY54KVZTMW&Expires=2065654097&Signature=hjHIRrXmEalMBkIr8nid8eOeNDc%3D,,青,,FALSE,FALSE,FALSE,2025/06/19,モンスターハンター3（トライ）,",,2025/07/14,2025/07/07,2025/06/19a,2025/09/08,2025/11/03",夕凪乱す赤き残光,"森林,沼地","片手剣,双剣,太刀,ハンマー,弓",2025/06/11 11:00:02,2025/11/07 16:31:20
2hR7tP9j,ビシュテンゴ,Bishaten,50,牙獣種,天狗獣（てんぐじゅう）,通常種,素材削減,小,小,なし,毒、麻痺、閃光,柿に当たると状態異常を引き起こす。尻尾で立って駒のように立ち回る。尻尾立ち状態時、尻尾破壊でダウン。,尻尾,,,,https://s3.ap-northeast-1.amazonaws.com/staging.click-platform.dbfile/user34252/2025/06/11/84a754b4035.png?AWSAccessKeyId=AKIA3JCH5IRY54KVZTMW&Expires=2064967054&Signature=iBLdkYItXsFJJFi2YeuLaTdDlrw%3D,氷,,,,,,,,,氷属性,https://s3.ap-northeast-1.amazonaws.com/staging.click-platform.dbfile/user34252/2025/06/11/4b4035dd69a.png?AWSAccessKeyId=AKIA3JCH5IRY54KVZTMW&Expires=2064967070&Signature=0P63CnIRkFz4MyT9lqtxYsbIfkA%3D,毒,https://s3.ap-northeast-1.amazonaws.com/staging.click-platform.dbfile/user34252/2025/06/11/035dd69a05d.png?AWSAccessKeyId=AKIA3JCH5IRY54KVZTMW&Expires=2064967080&Signature=Vwe8KI3klPEkYb3GZzBUoTGBMlk%3D,麻痺,,,毒麻痺,https://s3.ap-northeast-1.amazonaws.com/staging.click-platform.dbfile/user34252/2025/06/24/5742a864e44.png?AWSAccessKeyId=AKIA3JCH5IRY54KVZTMW&Expires=2066091740&Signature=IJCD%2BM8TaMCH0NezrReVidN0fTw%3D,https://s3.ap-northeast-1.amazonaws.com/staging.click-platform.dbfile/user34252/2025/06/24/84a94a63814.png?AWSAccessKeyId=AKIA3JCH5IRY54KVZTMW&Expires=2066088793&Signature=1cFgHJ6cfX%2Fd23%2FOtkuxzzZPJJA%3D,,黄色,,FALSE,FALSE,FALSE,2025/06/19,モンスターハンターライズ,",,2025/06/19a,2025/08/11,2025/09/08,2025/10/27,2025/12/22",夕凪乱す赤き残光,"森林,沼地","片手剣,ハンマー,スラッシュアックス,ライトボウガン,ヘビィボウガン,弓",2025/06/11 10:58:26,2025/10/28 10:48:00
6vN4mX8s,ブラントドス,Beotodus,49,魚竜種,凍魚竜（とうぎょりゅう）,通常種,素材削減,小,小,なし,,後脚が一番の弱点。頭部、銅、尻尾は、雪に覆われているため、ダメージが通りづらい。,頭,,,,https://s3.ap-northeast-1.amazonaws.com/staging.click-platform.dbfile/user34252/2025/06/11/d3c864f63c0.png?AWSAccessKeyId=AKIA3JCH5IRY54KVZTMW&Expires=2064968242&Signature=rytVWN1dOf3Rv7AkWlQVf0lxd%2BE%3D,火,https://s3.ap-northeast-1.amazonaws.com/staging.click-platform.dbfile/user34252/2025/06/11/c864f63c0fa.png?AWSAccessKeyId=AKIA3JCH5IRY54KVZTMW&Expires=2064968249&Signature=VQvIdqjV3EprPoqqmZ%2BnI2Xq0zc%3D,爆破,,,,,,,火属性爆破,https://s3.ap-northeast-1.amazonaws.com/staging.click-platform.dbfile/user34252/2025/06/11/cd555627824.png?AWSAccessKeyId=AKIA3JCH5IRY54KVZTMW&Expires=2064966387&Signature=aFo2Yd2iFUbI8RlcG36%2BuyPS%2B%2Fc%3D,氷,,,,,氷,https://s3.ap-northeast-1.amazonaws.com/staging.click-platform.dbfile/user34252/2025/06/24/bfa5742a864.png?AWSAccessKeyId=AKIA3JCH5IRY54KVZTMW&Expires=2066091732&Signature=LhjZ3HDSz4kdqGOQVGPlgPZl9OQ%3D,https://s3.ap-northeast-1.amazonaws.com/staging.click-platform.dbfile/user34252/2025/06/24/00e93e2d728.png?AWSAccessKeyId=AKIA3JCH5IRY54KVZTMW&Expires=2066088900&Signature=rt9UspCfIhl9pVQrfnw9x%2FFRQ%2BU%3D,,水色,,FALSE,FALSE,FALSE,2025/06/19,モンスターハンターワールド：アイスボーン,",,2025/09/01,2025/06/19a,2025/07/21,2025/09/08,,2025/10/27",夕凪乱す赤き残光集い築け！空飛ぶ探索拠点！,雪原,"双剣,大剣,チャージアックス,操虫棍,ライトボウガン",2025/06/11 10:55:33,2025/10/07 21:43:22
kL9wT2qf,ナルガクルガ,Nargacuga,48,飛竜種,迅竜（じんりゅう）,通常種,,小,なし,なし,裂傷,左右の刃翼を破壊するとダウンする。尻尾薙ぎ払いの棘状鱗は当たると裂傷状態となる。咆哮後、眼光が赤くなるが、睡眠状態で解除できる。,尻尾,,,,https://s3.ap-northeast-1.amazonaws.com/staging.click-platform.dbfile/user34252/2025/08/18/becf07b5d33.png?AWSAccessKeyId=AKIA3JCH5IRY54KVZTMW&Expires=2070838716&Signature=N7cNiUcT9mhxiAeGh7izUfV%2B7m0%3D,雷,,,,,,,,,雷属性,https://s3.ap-northeast-1.amazonaws.com/staging.click-platform.dbfile/user34252/2025/10/17/0b7b86d0d90.png?AWSAccessKeyId=AKIA3JCH5IRY54KVZTMW&Expires=2076050065&Signature=dYL1SzXiB76o%2Bd6J0a1Rvu%2BIzY8%3D,無属性,,,,,無,https://s3.ap-northeast-1.amazonaws.com/staging.click-platform.dbfile/user34252/2025/06/24/3d285ab4fed.png?AWSAccessKeyId=AKIA3JCH5IRY54KVZTMW&Expires=2066088970&Signature=YdTiaq4Dk1Hkxgy9AnX9Gx2YQps%3D,https://s3.ap-northeast-1.amazonaws.com/staging.click-platform.dbfile/user34252/2025/06/19/9e5264a1133.png?AWSAccessKeyId=AKIA3JCH5IRY54KVZTMW&Expires=2065653937&Signature=XEntSllvTR5Vdh2ibJjOnOHtu6U%3D,裂傷,黒,,FALSE,FALSE,FALSE,2025/06/19,モンスターハンターポータブル2ndG,",2025/08/11,2025/07/07,2025/06/19a,2025/09/08,2025/10/20,",夕凪乱す赤き残光,"森林,沼地","片手剣,双剣,大剣,太刀,ハンマー,狩猟笛,ランス,ガンランス,スラッシュアックス,チャージアックス,操虫棍,ライトボウガン,ヘビィボウガン,弓",2025/05/23 9:49:02,2025/11/07 16:37:57
B7mR3s2y,オオナズチ,Chameleos,47,古龍種,霞龍（かすみりゅう）,古龍種,,なし,大,,,姿が見えない間はロックオン不可。集中攻撃の怯み、角破壊で姿をうまく隠せなくなる。舌を使った攻撃でSPゲージを奪ってくる。,角,,,,https://s3.ap-northeast-1.amazonaws.com/staging.click-platform.dbfile/user34252/2025/05/06/0f1b939c90e.image/png?AWSAccessKeyId=AKIA3JCH5IRY54KVZTMW&Expires=2061890450&Signature=4IUA%2BS0S1zHZ2vM%2BwjevvNUtSPk%3D,火,https://s3.ap-northeast-1.amazonaws.com/staging.click-platform.dbfile/user34252/2025/05/06/7db0f1b939c.image/png?AWSAccessKeyId=AKIA3JCH5IRY54KVZTMW&Expires=2061890436&Signature=H5EmVF%2FfZD9y9tfB31YcCt1z8T4%3D,龍,https://s3.ap-northeast-1.amazonaws.com/staging.click-platform.dbfile/user34252/2025/05/06/d88535a9749.image/png?AWSAccessKeyId=AKIA3JCH5IRY54KVZTMW&Expires=2061890405&Signature=PbFYw%2BmyexCO1QlpNp4RZ9DlUrI%3D,爆破,,,,,火属性龍属性爆破,https://s3.ap-northeast-1.amazonaws.com/staging.click-platform.dbfile/user34252/2025/06/11/e2010793d3c.png?AWSAccessKeyId=AKIA3JCH5IRY54KVZTMW&Expires=2064968208&Signature=aELLw0EVnoEVRT3wfKiOiABXeoI%3D,毒,,,,,毒,https://s3.ap-northeast-1.amazonaws.com/staging.click-platform.dbfile/user34252/2025/06/05/62ec7577ef0.png?AWSAccessKeyId=AKIA3JCH5IRY54KVZTMW&Expires=2064444373&Signature=3qbrUgKW6YYI1R6vELVQG0%2F5rM4%3D,https://s3.ap-northeast-1.amazonaws.com/staging.click-platform.dbfile/user34252/2025/06/17/d82aee6ebe1.jpg?AWSAccessKeyId=AKIA3JCH5IRY54KVZTMW&Expires=2065498823&Signature=AjhRHbcDzv10D%2Fj5Y%2ByQQ9BVQeY%3D,,,,FALSE,FALSE,FALSE,2025/05/24,モンスターハンター2（ドス）,",2025/08/25,2025/06/09,2025/10/20",,古龍迎撃戦,"双剣,大剣,太刀,ハンマー,狩猟笛,ガンランス,スラッシュアックス,チャージアックス,操虫棍,ライトボウガン,ヘビィボウガン,弓",2025/05/06 20:21:29,2025/12/09 9:29:07
5hP9vT1k,オドガロン亜種,EbonyOdogaron,46,牙竜種,兇爪竜（きょうそうりゅう）,亜種,素材削減,小,なし,なし,裂傷,頭部と前脚を破壊すると弱体化する,前脚,,,,https://s3.ap-northeast-1.amazonaws.com/staging.click-platform.dbfile/user34252/2025/04/12/6e98e0f5a4f.png?AWSAccessKeyId=AKIA3JCH5IRY54KVZTMW&Expires=2059793964&Signature=YojAzwjvzNFAOP7oXWYL%2BLYtgN8%3D,水,https://s3.ap-northeast-1.amazonaws.com/staging.click-platform.dbfile/user34252/2025/04/12/8e0f5a4fd47.png?AWSAccessKeyId=AKIA3JCH5IRY54KVZTMW&Expires=2059793968&Signature=2m3WzkrCTf7XUngi%2FsxpPJ4rdDM%3D,毒,https://s3.ap-northeast-1.amazonaws.com/staging.click-platform.dbfile/user34252/2025/04/12/e0f5a4fd47d.png?AWSAccessKeyId=AKIA3JCH5IRY54KVZTMW&Expires=2059793976&Signature=OA8BdgGEuBqj93y1Kj1EZ959jk4%3D,麻痺,,,,,水属性毒麻痺,https://s3.ap-northeast-1.amazonaws.com/staging.click-platform.dbfile/user34252/2025/04/12/f5a4fd47d8a.png?AWSAccessKeyId=AKIA3JCH5IRY54KVZTMW&Expires=2059793995&Signature=ytMlmuPiEB5SwNO43Dg9X2bgMJA%3D,龍,,,,,龍,https://s3.ap-northeast-1.amazonaws.com/staging.click-platform.dbfile/user34252/2025/04/16/06f39780ed1.png?AWSAccessKeyId=AKIA3JCH5IRY54KVZTMW&Expires=2060127402&Signature=RobJHDTayrW5YgFyJCHGl9%2BzSyI%3D,https://s3.ap-northeast-1.amazonaws.com/staging.click-platform.dbfile/user34252/2025/04/25/c0c018fe101.png?AWSAccessKeyId=AKIA3JCH5IRY54KVZTMW&Expires=2060904598&Signature=Oqxamhyi8KNLnBLNY7E9uqOA18c%3D,,黒,,FALSE,FALSE,FALSE,2025/04/14,モンスターハンターワールド：アイスボーン,",,,,2025/06/09,,2025/07/14,",夕凪乱す赤き残光集い築け！空飛ぶ探索拠点！,"森林,砂漠,沼地,雪原","双剣,ランス,チャージアックス,操虫棍,ライトボウガン",2025/04/12 10:10:27,2025/11/07 16:36:52
xZ4kM2rN,アオアシラ,Arzuros,45,牙獣種,青熊獣（せいゆうじゅう）,通常種,素材削減,なし,なし,,,,前脚,,,,https://s3.ap-northeast-1.amazonaws.com/staging.click-platform.dbfile/user34252/2025/02/18/83ef2cce113.png?AWSAccessKeyId=AKIA3JCH5IRY54KVZTMW&Expires=2055204971&Signature=kgHOn3bJG91MGa8%2BOGDz5s90%2BEA%3D,火,https://s3.ap-northeast-1.amazonaws.com/staging.click-platform.dbfile/user34252/2025/02/18/3783ef2cce1.png?AWSAccessKeyId=AKIA3JCH5IRY54KVZTMW&Expires=2055204967&Signature=VE632l8Be%2FIEc7IShS2hwW0BKM8%3D,毒,https://s3.ap-northeast-1.amazonaws.com/staging.click-platform.dbfile/user34252/2025/02/18/cce11398a28.png?AWSAccessKeyId=AKIA3JCH5IRY54KVZTMW&Expires=2055204976&Signature=bg30J5UthjdNsc1KhfN3FrCvJTg%3D,麻痺,https://s3.ap-northeast-1.amazonaws.com/staging.click-platform.dbfile/user34252/2025/02/18/98a28f5c50d.png?AWSAccessKeyId=AKIA3JCH5IRY54KVZTMW&Expires=2055204981&Signature=yDHvu7Htwy7fmOGP4GQbzVF8h%2FA%3D,睡眠,,,火属性毒麻痺睡眠,https://s3.ap-northeast-1.amazonaws.com/staging.click-platform.dbfile/user34252/2025/10/17/b86d0d904eb.png?AWSAccessKeyId=AKIA3JCH5IRY54KVZTMW&Expires=2076050071&Signature=z6Bwo7a%2Brl%2BF9kxFvZpTU1BVuwY%3D,無属性,,,,,無,https://s3.ap-northeast-1.amazonaws.com/staging.click-platform.dbfile/user34252/2025/03/06/fd0adae64ab.png?AWSAccessKeyId=AKIA3JCH5IRY54KVZTMW&Expires=2056584802&Signature=6dhWzs0lXJ8gaIZ54eu7tiLyc4w%3D,https://s3.ap-northeast-1.amazonaws.com/staging.click-platform.dbfile/user34252/2025/03/06/d0adae64ab0.png?AWSAccessKeyId=AKIA3JCH5IRY54KVZTMW&Expires=2056584807&Signature=%2FPAXiwkAR%2B3k0xbU3uNMHkEHo%2FQ%3D,,白,,FALSE,FALSE,FALSE,2025/03/06,モンスターハンターポータブル3rd,",,,,2025/07/21,2025/06/09,",春陽薙ぐソードテイル要撃用意！次元臨界の咆哮,"森林,沼地","双剣,太刀,ハンマー,狩猟笛,スラッシュアックス,ヘビィボウガン,弓",2025/02/18 10:54:12,2025/12/11 14:05:42
G8sD3n9w,ディノバルド,Glavenus,44,獣竜種,斬竜（ざんりゅう）,通常種,,大,なし,,,,尻尾,,,,https://s3.ap-northeast-1.amazonaws.com/staging.click-platform.dbfile/user34252/2025/02/18/c1feb10ab71.png?AWSAccessKeyId=AKIA3JCH5IRY54KVZTMW&Expires=2055203894&Signature=jQ%2BBt%2FHaBPPdQNtBfgO940NriZ4%3D,水,https://s3.ap-northeast-1.amazonaws.com/staging.click-platform.dbfile/user34252/2025/02/18/feb10ab7121.png?AWSAccessKeyId=AKIA3JCH5IRY54KVZTMW&Expires=2055203899&Signature=Lg4arpFoe%2BnkU%2FCLSepRS7Cmox8%3D,龍,,,,,,,水属性龍属性,https://s3.ap-northeast-1.amazonaws.com/staging.click-platform.dbfile/user34252/2025/02/21/a069f2ad48b.png?AWSAccessKeyId=AKIA3JCH5IRY54KVZTMW&Expires=2055458162&Signature=uftDtXhIft4C9ybMg2Cb3GuLQDs%3D,火,,,,,火,https://s3.ap-northeast-1.amazonaws.com/staging.click-platform.dbfile/user34252/2025/03/06/7ffd0adae64.png?AWSAccessKeyId=AKIA3JCH5IRY54KVZTMW&Expires=2056584784&Signature=ZRMlQbwBxH%2BoCjXeAwfFYU8n4ws%3D,https://s3.ap-northeast-1.amazonaws.com/staging.click-platform.dbfile/user34252/2025/03/06/ffd0adae64a.png?AWSAccessKeyId=AKIA3JCH5IRY54KVZTMW&Expires=2056584792&Signature=upOTBbTz61dS1Qjj%2F8sC7hC92Sg%3D,,赤,,FALSE,FALSE,FALSE,2025/03/06,モンスターハンタークロス,",,,,,,2025/06/09,2025/08/11,2025/09/14,2025/09/29,2025/11/03,,2026/01/26",春陽薙ぐソードテイル夕凪乱す赤き残光要撃用意！次元臨界の咆哮,"森林,砂漠","片手剣,双剣,大剣,太刀,ハンマー,狩猟笛,ランス,ガンランス,スラッシュアックス,チャージアックス,操虫棍,ライトボウガン,ヘビィボウガン,弓",2025/02/18 10:54:08,2025/12/11 19:26:47
jP2vT7rL,チャタカブラ,Chatacabra,43,両生種,纏蛙（まといがえる）,通常種,素材削減,なし,なし,,,,前脚,,,,https://s3.ap-northeast-1.amazonaws.com/staging.click-platform.dbfile/user34252/2025/03/03/c9e3002c1a2.png?AWSAccessKeyId=AKIA3JCH5IRY54KVZTMW&Expires=2056372396&Signature=%2BbQ5CkNFt%2FaBhS8wTb0Jig2gGLk%3D,雷,,,,,,,,,雷属性,https://s3.ap-northeast-1.amazonaws.com/staging.click-platform.dbfile/user34252/2025/10/17/d0d904ebbf8.png?AWSAccessKeyId=AKIA3JCH5IRY54KVZTMW&Expires=2076050077&Signature=Tr2xbKYGJQ4ixf0EHdvSg4OCGO8%3D,無属性,,,,,無,https://s3.ap-northeast-1.amazonaws.com/staging.click-platform.dbfile/user34252/2025/03/03/54644c0e5f1.png?AWSAccessKeyId=AKIA3JCH5IRY54KVZTMW&Expires=2056371183&Signature=VhYfTEjBSny05E5vlM1N%2BD0r9B0%3D,https://s3.ap-northeast-1.amazonaws.com/staging.click-platform.dbfile/user34252/2025/03/03/516fe9ad9d5.png?AWSAccessKeyId=AKIA3JCH5IRY54KVZTMW&Expires=2056371073&Signature=b7Bo4ehOoY%2BEL4XhYNgSahXDygI%3D,,白,,FALSE,FALSE,FALSE,2025/02/28,モンスターハンターライズ,",,,,2025/07/07,2025/06/09,2025/06/19a",夕凪乱す赤き残光,砂漠,"片手剣,ハンマー,チャージアックス,操虫棍,ヘビィボウガン",2025/02/18 10:54:03,2025/10/17 17:34:38
9vN1kX4m,バゼルギウス,Bazelgeuse,42,飛竜種,爆鱗竜（ばくりんりゅう）,通常種,,大,大,大,,爆鱗は、放たれる度に減っていく。攻撃によっても減らすことが可能で、部位破壊、気絶状態の他、飛行中でのダウンにて頭と尻尾の爆鱗をすべて無くすことができる。\nまた、脚への一定ダメージによるダウンでもすべての爆鱗を無くすことができる。,尻尾,,,,https://s3.ap-northeast-1.amazonaws.com/staging.click-platform.dbfile/user34252/2025/02/07/b11b0dfc898.png?AWSAccessKeyId=AKIA3JCH5IRY54KVZTMW&Expires=2054265197&Signature=%2FbCK8sN%2FycauswdOnRnwmDqLJEo%3D,雷,,,,,,,,,雷属性,https://s3.ap-northeast-1.amazonaws.com/staging.click-platform.dbfile/user34252/2025/02/07/20154272e43.png?AWSAccessKeyId=AKIA3JCH5IRY54KVZTMW&Expires=2054265117&Signature=HN4jcSCHd%2BqNOiA4V2DgRw1aEgk%3D,火,,,,,火,https://s3.ap-northeast-1.amazonaws.com/staging.click-platform.dbfile/user34252/2025/02/11/026b6b73351.png?AWSAccessKeyId=AKIA3JCH5IRY54KVZTMW&Expires=2054625481&Signature=scpkAsbhajMLLABXldGXbumWxj8%3D,https://s3.ap-northeast-1.amazonaws.com/staging.click-platform.dbfile/user34252/2025/02/11/2c4a13ee158.png?AWSAccessKeyId=AKIA3JCH5IRY54KVZTMW&Expires=2054625544&Signature=Irrf7nLGYWC7%2BagQ6C2bIUOIrh4%3D,,赤,,FALSE,FALSE,FALSE,2025/02/10,モンスターハンター：ワールド,",2025/10/13,,,,2025/08/11,2025/06/30,2025/06/02,2025/09/01,2025/09/14,2026/01/12",春陽薙ぐソードテイル,"森林,砂漠,沼地,雪原","双剣,太刀,狩猟笛,ランス,ガンランス,スラッシュアックス,ライトボウガン",2025/01/25 23:08:10,2025/11/07 16:00:59
3hR6tP8s,キリン,Kirin,41,古龍種,幻獣（げんじゅう）,古龍種,,なし,なし,なし,麻痺（落雷攻撃）,雷纏い状態後、龍属性攻撃のダメージで怯ませることができ、雷纏いも解除できる,角,,,,https://s3.ap-northeast-1.amazonaws.com/staging.click-platform.dbfile/user34252/2025/01/14/bd47b535761.png?AWSAccessKeyId=AKIA3JCH5IRY54KVZTMW&Expires=2052222147&Signature=BOLN32ItJUHMJUNAyzK2GyfeEb4%3D,火,,,,,,,,,火属性,https://s3.ap-northeast-1.amazonaws.com/staging.click-platform.dbfile/user34252/2025/01/18/cdec8794f54.png?AWSAccessKeyId=AKIA3JCH5IRY54KVZTMW&Expires=2052512008&Signature=sSfnl%2FO4HQkXsjgRbONEVtC%2FiSg%3D,雷,https://s3.ap-northeast-1.amazonaws.com/staging.click-platform.dbfile/user34252/2025/01/30/0968a1c7228.png?AWSAccessKeyId=AKIA3JCH5IRY54KVZTMW&Expires=2053582200&Signature=Xz4qjde3Jih0aMyijf6QtLj2KOM%3D,麻痺,,,雷麻痺,https://s3.ap-northeast-1.amazonaws.com/staging.click-platform.dbfile/user34252/2025/02/04/fd065b5a1b1.png?AWSAccessKeyId=AKIA3JCH5IRY54KVZTMW&Expires=2053991628&Signature=neX%2B3hLhP%2BL4Ho6Tx9HQ5TnNcNI%3D,https://s3.ap-northeast-1.amazonaws.com/staging.click-platform.dbfile/user34252/2025/02/02/ef17f58cdd8.png?AWSAccessKeyId=AKIA3JCH5IRY54KVZTMW&Expires=2053831562&Signature=dr45TTQXRG62wjhlCF%2FTl5wtM4Y%3D,,,,FALSE,FALSE,FALSE,2025/02/01,モンスターハンター,",2025/08/04,2025/07/07,2025/08/25,2026/01/12",,古龍迎撃戦,"片手剣,双剣,大剣,狩猟笛,ランス,スラッシュアックス,操虫棍,ライトボウガン,ヘビィボウガン",2024/12/26 0:45:20,2025/10/17 18:22:50
kL5wT9qY,ティガレックス,Tigrex,40,飛竜種,轟竜（ごうりゅう）,通常種,,大,なし,,,前脚と頭部の部位破壊で大きな隙が生まれる,尻尾,,,,https://s3.ap-northeast-1.amazonaws.com/staging.click-platform.dbfile/user34252/2024/12/12/155cf8bcabb.png?AWSAccessKeyId=AKIA3JCH5IRY54KVZTMW&Expires=2049340111&Signature=Qh%2FqGFbe3BpDxdbbAFm58NlwV%2F8%3D,雷,https://s3.ap-northeast-1.amazonaws.com/staging.click-platform.dbfile/user34252/2024/12/12/55cf8bcabba.png?AWSAccessKeyId=AKIA3JCH5IRY54KVZTMW&Expires=2049340114&Signature=f3XH7%2BMMqrZfuPjsZeKlclCTwQs%3D,龍,,,,,,,雷属性龍属性,https://s3.ap-northeast-1.amazonaws.com/staging.click-platform.dbfile/user34252/2025/10/17/4ebbf8789ca.png?AWSAccessKeyId=AKIA3JCH5IRY54KVZTMW&Expires=2076050087&Signature=x7o6hj5bfQAxnn6H6Ktfdpb%2FoMI%3D,無属性,,,,,無,https://s3.ap-northeast-1.amazonaws.com/staging.click-platform.dbfile/user34252/2024/12/12/99daa62fdab.png?AWSAccessKeyId=AKIA3JCH5IRY54KVZTMW&Expires=2049356265&Signature=g7CkgtLrL4Dc%2BRL9C%2BGqQhJ8plo%3D,https://s3.ap-northeast-1.amazonaws.com/staging.click-platform.dbfile/user34252/2024/12/12/aa62fdaba8d.png?AWSAccessKeyId=AKIA3JCH5IRY54KVZTMW&Expires=2049356269&Signature=SaRMkQVtSx%2F3Fbj6vp4JxtcYC18%3D,,白,,FALSE,FALSE,FALSE,2024/12/12,モンスターハンターポータブル2nd,",,,,,,,,2025/08/11,2025/09/14,2025/10/27,2026/01/26",銀雪のランページ春陽薙ぐソードテイル夕凪乱す赤き残光集い築け！空飛ぶ探索拠点！,"森林,砂漠,雪原","片手剣,双剣,大剣,太刀,ハンマー,狩猟笛,ランス,ガンランス,スラッシュアックス,チャージアックス,操虫棍,ライトボウガン,ヘビィボウガン,弓",2024/11/27 23:38:22,2025/10/17 18:24:01
B2mR7s1z,ウルクスス,Lagombi,39,牙獣種,白兎獣（はくとじゅう）,通常種,素材削減,なし,なし,,,,頭,,,,https://s3.ap-northeast-1.amazonaws.com/staging.click-platform.dbfile/user34252/2024/12/12/7d1bf1155cf.png?AWSAccessKeyId=AKIA3JCH5IRY54KVZTMW&Expires=2049340040&Signature=AEvS5Rx%2F9UmgN4BQ0OL3WG6bYuw%3D,火,https://s3.ap-northeast-1.amazonaws.com/staging.click-platform.dbfile/user34252/2024/12/12/1bf1155cf8b.png?AWSAccessKeyId=AKIA3JCH5IRY54KVZTMW&Expires=2049340045&Signature=0sksBbAAcHvJ2n6FHOVHc%2FvoUGE%3D,毒,https://s3.ap-northeast-1.amazonaws.com/staging.click-platform.dbfile/user34252/2024/12/12/bf1155cf8bc.png?AWSAccessKeyId=AKIA3JCH5IRY54KVZTMW&Expires=2049340052&Signature=YGMbX8AuWjh6CgNTCYw9r8gp66g%3D,麻痺,https://s3.ap-northeast-1.amazonaws.com/staging.click-platform.dbfile/user34252/2024/12/12/f1155cf8bca.png?AWSAccessKeyId=AKIA3JCH5IRY54KVZTMW&Expires=2049340056&Signature=XZi5FPs0fD1YkJiX4rAZo9YBS6w%3D,爆破,,,火属性毒麻痺爆破,https://s3.ap-northeast-1.amazonaws.com/staging.click-platform.dbfile/user34252/2024/12/13/c05c769510f.png?AWSAccessKeyId=AKIA3JCH5IRY54KVZTMW&Expires=2049459000&Signature=UgvBaezGuCmlk%2F2%2Fgj4f1R1disw%3D,氷,,,,,氷,https://s3.ap-northeast-1.amazonaws.com/staging.click-platform.dbfile/user34252/2025/01/06/4c7d2257091.png?AWSAccessKeyId=AKIA3JCH5IRY54KVZTMW&Expires=2051507694&Signature=b0dvd1zO1iIIyy%2Bg%2BMlkQKFXhVI%3D,https://s3.ap-northeast-1.amazonaws.com/staging.click-platform.dbfile/user34252/2024/12/12/acc729f33dd.png?AWSAccessKeyId=AKIA3JCH5IRY54KVZTMW&Expires=2049338387&Signature=8tpeGh3Z4STyp9Ze%2FZ4w2r6S%2FJo%3D,,水色,,FALSE,FALSE,FALSE,2024/12/12,モンスターハンターポータブル3rd,",,,,,,2025/12/1",銀雪のランページ春陽薙ぐソードテイル夕凪乱す赤き残光,雪原,"双剣,大剣,太刀,ガンランス,チャージアックス,操虫棍,ヘビィボウガン",2024/11/27 23:37:34,2025/10/07 21:43:03
X8yZ4k9p,ラングロトラ,Volvidon,38,牙獣種,赤甲獣（せきこうじゅう）,通常種,素材削減,なし,なし,小,麻痺、悪臭（一時SPゲージ回復不可、SPスキル使用不可）,,背中,,,,https://s3.ap-northeast-1.amazonaws.com/staging.click-platform.dbfile/user34252/2024/12/12/c7d1bf1155c.png?AWSAccessKeyId=AKIA3JCH5IRY54KVZTMW&Expires=2049340022&Signature=jdO8%2BZ3IPC4YWmK%2FyXL6d8pA5UY%3D,水,,,,,,,,,水属性,https://s3.ap-northeast-1.amazonaws.com/staging.click-platform.dbfile/user34252/2024/12/13/bc05c769510.png?AWSAccessKeyId=AKIA3JCH5IRY54KVZTMW&Expires=2049458987&Signature=Vns%2FoGmxwSu42wHNrCEncPbdABI%3D,麻痺,,,,,麻痺,https://s3.ap-northeast-1.amazonaws.com/staging.click-platform.dbfile/user34252/2025/01/14/f722bb6b0ae.png?AWSAccessKeyId=AKIA3JCH5IRY54KVZTMW&Expires=2052221138&Signature=WlT20kQbnHnl0Lt4TxEGIp6gVWs%3D,https://s3.ap-northeast-1.amazonaws.com/staging.click-platform.dbfile/user34252/2024/12/12/ac74a890fc3.png?AWSAccessKeyId=AKIA3JCH5IRY54KVZTMW&Expires=2049353650&Signature=a%2BjVWY6kqAMOHgRBi4cus6oKamw%3D,,黄色,,FALSE,FALSE,FALSE,2024/12/12,モンスターハンターポータブル3rd,",,2025/06/02,",銀雪のランページ要撃用意！次元臨界の咆哮,"森林,砂漠,沼地","ハンマー,ランス,ガンランス,スラッシュアックス,チャージアックス,ヘビィボウガン",2024/11/27 23:36:45,2025/12/16 17:12:41
D3mS1n7w,イソネミクニ,Somnacanth,37,海竜種,人魚竜（にんぎょりゅう）,"通常種,次元変異",素材削減,大,なし,,,,頭,,,,https://s3.ap-northeast-1.amazonaws.com/staging.click-platform.dbfile/user34252/2024/12/12/5f3c7d1bf11.png?AWSAccessKeyId=AKIA3JCH5IRY54KVZTMW&Expires=2049339950&Signature=4BhJ4oaCXaUMusyVtTd24l7J%2FDE%3D,雷,,,,,,,,,雷属性,https://s3.ap-northeast-1.amazonaws.com/staging.click-platform.dbfile/user34252/2024/12/13/e2bc05c7695.png?AWSAccessKeyId=AKIA3JCH5IRY54KVZTMW&Expires=2049458968&Signature=cKz9%2BrFURQHcv9LMiu7Vo1UCqow%3D,水,https://s3.ap-northeast-1.amazonaws.com/staging.click-platform.dbfile/user34252/2024/12/13/2bc05c76951.png?AWSAccessKeyId=AKIA3JCH5IRY54KVZTMW&Expires=2049458976&Signature=D8%2B0xFVgeXuGYMuq7ifPxrWJhEk%3D,睡眠,,,水睡眠,https://s3.ap-northeast-1.amazonaws.com/staging.click-platform.dbfile/user34252/2025/01/14/2bb6b0ae239.png?AWSAccessKeyId=AKIA3JCH5IRY54KVZTMW&Expires=2052221153&Signature=DUjYGesn8RYR7u7HyAay1qeWHMA%3D,https://s3.ap-northeast-1.amazonaws.com/staging.click-platform.dbfile/user34252/2024/12/12/c74a890fc38.png?AWSAccessKeyId=AKIA3JCH5IRY54KVZTMW&Expires=2049353668&Signature=tMRigel6BCPMfjO7m2wr3h5KfIY%3D,,水色,,FALSE,FALSE,FALSE,2024/12/12,モンスターハンターライズ,",,,,2025/07/07,2025/12/29,",銀雪のランページ夕凪乱す赤き残光要撃用意！次元臨界の咆哮,"沼地,雪原","双剣,大剣,太刀,ハンマー,狩猟笛,チャージアックス,操虫棍",2024/11/27 23:35:36,2025/12/16 17:11:53
gP9vT4rL,ネルギガンテ,Nergigante,36,古龍種,滅尽龍（めつじんりゅう）,古龍種,,大,大,,,,頭,,,,https://s3.ap-northeast-1.amazonaws.com/staging.click-platform.dbfile/user34252/2024/10/02/5b9e155b21d.png?AWSAccessKeyId=AKIA3JCH5IRY54KVZTMW&Expires=2043188610&Signature=qOAZSgoIvq7pslQYMkpHYdWxng0%3D,雷,https://s3.ap-northeast-1.amazonaws.com/staging.click-platform.dbfile/user34252/2024/10/02/e155b21d9b9.png?AWSAccessKeyId=AKIA3JCH5IRY54KVZTMW&Expires=2043188623&Signature=D%2F9czMb8CZ5%2BlSLBJiuA90V8rGI%3D,爆破,,,,,,,雷属性爆破,https://s3.ap-northeast-1.amazonaws.com/staging.click-platform.dbfile/user34252/2025/10/17/f8789ca6e76.png?AWSAccessKeyId=AKIA3JCH5IRY54KVZTMW&Expires=2076050094&Signature=RABsjbcZPg6z%2FayeoyO58rgA3Go%3D,無属性,,,,,無,https://s3.ap-northeast-1.amazonaws.com/staging.click-platform.dbfile/user34252/2024/10/02/e54fda46af4.png?AWSAccessKeyId=AKIA3JCH5IRY54KVZTMW&Expires=2043188730&Signature=gYbenzKnPYIJGda3ZE%2BH1lN4zxc%3D,https://s3.ap-northeast-1.amazonaws.com/staging.click-platform.dbfile/user34252/2024/10/02/0c50bb729df.png?AWSAccessKeyId=AKIA3JCH5IRY54KVZTMW&Expires=2043188825&Signature=g6gubl2p9OuOeu5Emw5ZSX3%2Ff3M%3D,,,,FALSE,FALSE,FALSE,2024/10/12,モンスターハンター：ワールド,"2025/07/14,2025/08/25,2025/06/02,2025/12/1,2026/01/26",,古龍迎撃戦,"片手剣,双剣,大剣,太刀,ハンマー,狩猟笛,ランス,ガンランス,スラッシュアックス,チャージアックス,操虫棍,ライトボウガン,ヘビィボウガン,弓",2024/09/27 12:58:59,2025/10/17 18:26:26
2hR5tP1j,リオレウス希少種,SilverRathalos,35,飛竜種,銀火竜（ぎんかりゅう）,希少種,,大,大,,,,頭,,,,https://s3.ap-northeast-1.amazonaws.com/staging.click-platform.dbfile/user34252/2024/10/02/da217992fec.png?AWSAccessKeyId=AKIA3JCH5IRY54KVZTMW&Expires=2043189135&Signature=54YCi%2Bu%2Fhxo9VGr%2FRdWxAbuH8TU%3D,水,,,,,,,,,水属性,https://s3.ap-northeast-1.amazonaws.com/staging.click-platform.dbfile/user34252/2024/10/10/562e05bc90e.png?AWSAccessKeyId=AKIA3JCH5IRY54KVZTMW&Expires=2043884692&Signature=4%2FXxcfE0eHKEGjfY%2FXm461oB4gc%3D,火属性,https://s3.ap-northeast-1.amazonaws.com/staging.click-platform.dbfile/user34252/2024/10/10/05bc90e4d1e.png?AWSAccessKeyId=AKIA3JCH5IRY54KVZTMW&Expires=2043884709&Signature=Kpao4vmxD8p0sVJYdhFQ7d8Gl4o%3D,毒,,,火毒,https://s3.ap-northeast-1.amazonaws.com/staging.click-platform.dbfile/user34252/2024/10/02/29df08f21f2.png?AWSAccessKeyId=AKIA3JCH5IRY54KVZTMW&Expires=2043188864&Signature=Y7fqAzeTty64nxwCe8%2FiCd6%2Bfqs%3D,https://s3.ap-northeast-1.amazonaws.com/staging.click-platform.dbfile/user34252/2024/10/15/d5320e6c877.png?AWSAccessKeyId=AKIA3JCH5IRY54KVZTMW&Expires=2044326796&Signature=4ZSleiPcQvJnW%2B6qxJll6jvsoZ0%3D,,赤,,FALSE,FALSE,FALSE,2024/10/12,モンスターハンターポータブル2ndG,",,,,2025/07/07,2025/08/25,2025/09/14,2025/10/06,2026/01/05",キリンに備えよ！火属性強化クエスト,"森林,沼地","片手剣,双剣,大剣,太刀,ハンマーランス,ガンランス,スラッシュアックス,チャージアックス,操虫棍,ライトボウガン,弓",2024/09/27 12:58:17,2025/10/17 18:28:03
6vN9mX3s,リオレイア希少種,GoldRathian,34,飛竜種,金火竜（きんかりゅう）,希少種,,小,小,,,,頭,,,,https://s3.ap-northeast-1.amazonaws.com/staging.click-platform.dbfile/user34252/2024/10/02/2732873da21.png?AWSAccessKeyId=AKIA3JCH5IRY54KVZTMW&Expires=2043189118&Signature=XWDRiDmuh78ebSzZZ3VLFRKqjm8%3D,雷,,,,,,,,,雷属性,https://s3.ap-northeast-1.amazonaws.com/staging.click-platform.dbfile/user34252/2024/10/10/0f7bb08abf6.png?AWSAccessKeyId=AKIA3JCH5IRY54KVZTMW&Expires=2043884563&Signature=fHTPmoFr1FK%2BEsycuQYsAXRuHTc%3D,火属性,https://s3.ap-northeast-1.amazonaws.com/staging.click-platform.dbfile/user34252/2024/10/10/bb08abf6fe5.png?AWSAccessKeyId=AKIA3JCH5IRY54KVZTMW&Expires=2043884580&Signature=myfGfqZbXgGWgRQXIYY6n71u2E0%3D,毒,,,火毒,https://s3.ap-northeast-1.amazonaws.com/staging.click-platform.dbfile/user34252/2024/10/02/f08f21f2b3b.png?AWSAccessKeyId=AKIA3JCH5IRY54KVZTMW&Expires=2043188875&Signature=pnQddfWFOWNNm7ENcoK4oQ2eeQk%3D,https://s3.ap-northeast-1.amazonaws.com/staging.click-platform.dbfile/user34252/2024/10/15/5320e6c877e.png?AWSAccessKeyId=AKIA3JCH5IRY54KVZTMW&Expires=2044326806&Signature=JlL71PXTcAEGHmLcVuW92y0RhCg%3D,,青,,FALSE,FALSE,FALSE,2024/10/12,モンスターハンターポータブル2ndG,",,,,2025/07/14,2025/09/14,2025/10/20,2025/11/24",,"砂漠,沼地",片手剣太刀狩猟笛ガンランススラッシュアックスチャージアックスライトボウガンヘビィボウガン弓,2024/09/27 12:58:02,2025/11/07 16:30:49
xZ1kM7rN,アケノシルム,Aknosom,33,鳥竜種,傘鳥（さんちょう）,通常種,素材削減,小,小,,,,尻尾,,,,https://s3.ap-northeast-1.amazonaws.com/staging.click-platform.dbfile/user34252/2024/09/27/be113e16bdc.png?AWSAccessKeyId=AKIA3JCH5IRY54KVZTMW&Expires=2042758346&Signature=qIgpHNRzar7z%2BkNOAJBWYjggHaM%3D,水,,,,,,,,,水属性,https://s3.ap-northeast-1.amazonaws.com/staging.click-platform.dbfile/user34252/2024/09/27/e113e16bdc2.png?AWSAccessKeyId=AKIA3JCH5IRY54KVZTMW&Expires=2042758372&Signature=FnjM9w8awzO3Qa06aqa1kqXYugs%3D,火,,,,,火,https://s3.ap-northeast-1.amazonaws.com/staging.click-platform.dbfile/user34252/2024/09/27/92891c2ba46.png?AWSAccessKeyId=AKIA3JCH5IRY54KVZTMW&Expires=2042768229&Signature=Jz%2F1pOaMmO0UIMstUkDUQNAAdwY%3D,https://s3.ap-northeast-1.amazonaws.com/staging.click-platform.dbfile/user34252/2024/09/27/3e16bdc2995.png?AWSAccessKeyId=AKIA3JCH5IRY54KVZTMW&Expires=2042758389&Signature=g9bxMqvKE6xAdzO%2BkmMYT8Y5NII%3D,,赤,,FALSE,FALSE,FALSE,2024/09/12,モンスターハンターライズ,",,,,2025/06/02",十六夜に揺らぐ鬼火キリンに備えよ！火属性強化クエスト春陽薙ぐソードテイル,"森林,沼地,雪原","双剣,大剣,太刀,ランス,ガンランス,スラッシュアックス,操虫棍",2024/08/28 11:30:46,2025/10/07 21:42:29
G4sD9n2w,ラージャン,Rajang,32,牙獣種,金獅子（きんじし）,通常種,,大,なし,大,,2つの強化状態があるが、尻尾部位破壊か睡眠状態にすることで、解除可能。尻尾部位破壊は、強化状態中のみ可能。,尻尾,頭,,,https://s3.ap-northeast-1.amazonaws.com/staging.click-platform.dbfile/user34252/2024/09/27/140bfbe113e.png?AWSAccessKeyId=AKIA3JCH5IRY54KVZTMW&Expires=2042758256&Signature=SvERHDhMB7nQidzAEDYoJ8kkXkI%3D,氷,,,,,,,,,氷属性,https://s3.ap-northeast-1.amazonaws.com/staging.click-platform.dbfile/user34252/2024/09/27/0bfbe113e16.png?AWSAccessKeyId=AKIA3JCH5IRY54KVZTMW&Expires=2042758276&Signature=RK8L3UHkK9QwH%2BFLQ%2FYRfjf%2BwEU%3D,雷,,,,,雷,https://s3.ap-northeast-1.amazonaws.com/staging.click-platform.dbfile/user34252/2024/09/27/2891c2ba46d.png?AWSAccessKeyId=AKIA3JCH5IRY54KVZTMW&Expires=2042768237&Signature=fA3Ms3K%2FEIg6q1gux4gS%2BeXnZtc%3D,https://s3.ap-northeast-1.amazonaws.com/staging.click-platform.dbfile/user34252/2024/09/27/fbe113e16bd.png?AWSAccessKeyId=AKIA3JCH5IRY54KVZTMW&Expires=2042758293&Signature=uyt%2FEopV%2FvLSWcUcsLbRUxHa%2BR8%3D,,黄色,,FALSE,FALSE,FALSE,2024/09/12,モンスターハンター2（ドス）,",,,,,,2025/08/04,2025/09/01,2025/09/14,2025/11/03,2025/12/29,",十六夜に揺らぐ鬼火銀雪のランページバゼルギウスに備えよう！雷属性強化クエスト春陽薙ぐソードテイル集い築け！空飛ぶ探索拠点！,"森林,砂漠,沼地,雪原","片手剣,双剣,大剣,太刀,ハンマー,狩猟笛,ランス,ガンランス,スラッシュアックス,チャージアックス,操虫棍,ライトボウガン,ヘビィボウガン,弓",2024/08/28 11:30:34,2025/12/16 21:50:16
jP7vT3rL,マガイマガド,Magnamalo,31,牙竜種,怨虎竜（おんこりゅう）,"通常種,次元変異",素材削減,大,なし,,鬼火やられ,鬼火をまとった部位には雷属性が極めて有効。部位破壊することで鬼火を解除できる。,尻尾,頭,,,https://s3.ap-northeast-1.amazonaws.com/staging.click-platform.dbfile/user34252/2024/09/27/a6c4b6d4f99.png?AWSAccessKeyId=AKIA3JCH5IRY54KVZTMW&Expires=2042757699&Signature=zOmh%2BwoptRQnuk%2FgHRM88QfF1SQ%3D,水,,,,,,,,,水属性,https://s3.ap-northeast-1.amazonaws.com/staging.click-platform.dbfile/user34252/2024/09/27/6380896954b.png?AWSAccessKeyId=AKIA3JCH5IRY54KVZTMW&Expires=2042757720&Signature=eypxF2fM5RhyGtc3UKTmt2kRKTA%3D,爆破,,,,,爆破,https://s3.ap-northeast-1.amazonaws.com/staging.click-platform.dbfile/user34252/2024/09/27/891c2ba46da.png?AWSAccessKeyId=AKIA3JCH5IRY54KVZTMW&Expires=2042768244&Signature=D3czxJhjwdH3ywXeAAfptlKqO%2FI%3D,https://s3.ap-northeast-1.amazonaws.com/staging.click-platform.dbfile/user34252/2024/09/27/380896954bf.png?AWSAccessKeyId=AKIA3JCH5IRY54KVZTMW&Expires=2042757731&Signature=wKflFPWqMZfTxgBBsQsNaMdxFpI%3D,,赤,,FALSE,FALSE,FALSE,2024/09/12,モンスターハンターライズ,",,,2025/10/15,,,2025/10/13,2025/10/20,2025/10/24,2025/11/03,2025/11/24,2025/12/5,",十六夜に揺らぐ鬼火銀雪のランページ春陽薙ぐソードテイル要撃用意！次元臨界の咆哮,"森林,砂漠,沼地,雪原","片手剣,双剣,大剣,太刀,ハンマー,狩猟笛,ランス,ガンランス,スラッシュアックス,チャージアックス,操虫棍,ライトボウガン,ヘビィボウガン,弓",2024/08/28 11:30:23,2025/12/16 21:49:41
9vN4kX8m,テオ・テスカトル,Teostra,30,古龍種,炎王龍（えんおうりゅう）,古龍種,,大,なし,なし,爆破やられ,炎纏い状態では、遠距離攻撃が効きにくい。頭部破壊で炎と粉塵を取り払える。炎には水属性攻撃、粉塵には氷属性攻撃が有効。一定ダメージを与えると取り払える。,頭,頭,,,https://s3.ap-northeast-1.amazonaws.com/staging.click-platform.dbfile/user34252/2024/08/17/4647abde569.png?AWSAccessKeyId=AKIA3JCH5IRY54KVZTMW&Expires=2039221927&Signature=u2xQatzpHjBntqzfKJmiDrkO%2BOE%3D,水,https://s3.ap-northeast-1.amazonaws.com/staging.click-platform.dbfile/user34252/2024/08/17/47abde56980.png?AWSAccessKeyId=AKIA3JCH5IRY54KVZTMW&Expires=2039221968&Signature=c%2FJmv3yvIp4BSdUqsZS2b2eGVWQ%3D,氷,,,,,,,水属性氷属性,https://s3.ap-northeast-1.amazonaws.com/staging.click-platform.dbfile/user34252/2024/08/17/4dacce36a37.png?AWSAccessKeyId=AKIA3JCH5IRY54KVZTMW&Expires=2039222101&Signature=r8m6956XrrpWn0ZPAalAxbUcsfo%3D,火,https://s3.ap-northeast-1.amazonaws.com/staging.click-platform.dbfile/user34252/2024/08/17/37a381c7c2e.png?AWSAccessKeyId=AKIA3JCH5IRY54KVZTMW&Expires=2039222316&Signature=zCB50kk0ZGg9XYqskB2gYC0btxw%3D,爆破,,,火爆破,https://s3.ap-northeast-1.amazonaws.com/staging.click-platform.dbfile/user34252/2024/08/17/091b5e1269c.png?AWSAccessKeyId=AKIA3JCH5IRY54KVZTMW&Expires=2039233563&Signature=F7WOryM5%2BrqtuBZYl4W6i1bprH0%3D,https://s3.ap-northeast-1.amazonaws.com/staging.click-platform.dbfile/user34252/2024/08/17/cefa2769091.png?AWSAccessKeyId=AKIA3JCH5IRY54KVZTMW&Expires=2039233324&Signature=00rouuS4DH8V4gOlVS8ukTtMj3s%3D,なし,,なし,FALSE,FALSE,FALSE,2024/08/16,モンスターハンター2（ドス）,",2025/06/30,2025/08/25,2025/10/13",,古龍迎撃戦,"片手剣,大剣,太刀,ハンマー,狩猟笛,ランス,スラッシュアックス,チャージアックス,ライトボウガン,ヘビィボウガン,弓",2024/08/17 11:32:15,2025/10/17 18:31:28
3hR1tP7s,パオウルムー亜種,NightshadePaolumu,29,飛竜種,浮眠竜（ふみんりゅう）,亜種,素材削減,小,大,,,,尻尾,頭,頸袋,,https://s3.ap-northeast-1.amazonaws.com/staging.click-platform.dbfile/user34252/2024/07/16/24b9018d33d.png?AWSAccessKeyId=AKIA3JCH5IRY54KVZTMW&Expires=2036500648&Signature=LhlChiqe%2BJBH96I16fQ48jPWpx0%3D,水,,,,,,,,,水属性,https://s3.ap-northeast-1.amazonaws.com/staging.click-platform.dbfile/user34252/2024/07/16/9018d33d2bc.jpg?AWSAccessKeyId=AKIA3JCH5IRY54KVZTMW&Expires=2036500698&Signature=v8mVrN4gvEk1u3SpBfCOYcrVjwM%3D,睡眠,,,,,睡眠,https://s3.ap-northeast-1.amazonaws.com/staging.click-platform.dbfile/user34252/2024/07/22/808995e6c5f.png?AWSAccessKeyId=AKIA3JCH5IRY54KVZTMW&Expires=2037019753&Signature=ZcNl1yc%2B%2Fh5uVtH2GZOWWKvyzUA%3D,https://s3.ap-northeast-1.amazonaws.com/staging.click-platform.dbfile/user34252/2024/11/15/4e832a225ef.png?AWSAccessKeyId=AKIA3JCH5IRY54KVZTMW&Expires=2047012864&Signature=9xwXLY%2FiUG1zL6hzPOz9xJfQzdw%3D,,水色,,FALSE,FALSE,FALSE,2024/07/18,モンスターハンターワールド：アイスボーン,",,,,,,,,2025/06/30,2025/09/01,",十六夜に揺らぐ鬼火銀雪のランページ春陽薙ぐソードテイル夕凪乱す赤き残光集い築け！空飛ぶ探索拠点！,"森林,砂漠","片手剣,大剣,ハンマー,狩猟笛,ランス,スラッシュアックス,操虫棍,ヘビィボウガン,弓",2024/07/04 11:39:41,2025/11/07 16:34:55
kL2wT9qB,タマミツネ,Mizutsune,28,海竜種,泡狐竜（ほうこうりゅう）,通常種,,小,なし,,,,尻尾,頭,首,背びれ,https://s3.ap-northeast-1.amazonaws.com/staging.click-platform.dbfile/user34252/2024/07/16/b796c2672fa.png?AWSAccessKeyId=AKIA3JCH5IRY54KVZTMW&Expires=2036498879&Signature=5bqVDodV93Fn7wHqOUVPr2U3Md8%3D,雷,https://s3.ap-northeast-1.amazonaws.com/staging.click-platform.dbfile/user34252/2024/07/16/796c2672fa0.png?AWSAccessKeyId=AKIA3JCH5IRY54KVZTMW&Expires=2036498894&Signature=9mt2InxtzTkFmRYw%2F80PaZFTjcg%3D,龍,,,,,,,雷属性龍属性,https://s3.ap-northeast-1.amazonaws.com/staging.click-platform.dbfile/user34252/2024/07/16/bb796c2672f.png?AWSAccessKeyId=AKIA3JCH5IRY54KVZTMW&Expires=2036498854&Signature=TjVHNIGTNOWW2JHWphPr0K3TN0I%3D,水,,,,,水,https://s3.ap-northeast-1.amazonaws.com/staging.click-platform.dbfile/user34252/2024/07/22/08995e6c5f0.png?AWSAccessKeyId=AKIA3JCH5IRY54KVZTMW&Expires=2037019762&Signature=4emqTg%2Fa89s4GtowHg2ACfv23zo%3D,https://s3.ap-northeast-1.amazonaws.com/staging.click-platform.dbfile/user34252/2024/08/02/9194599b645.png?AWSAccessKeyId=AKIA3JCH5IRY54KVZTMW&Expires=2037948056&Signature=h4nUg3ZY3MaSl%2FEJX7NFNuFlEKs%3D,,青,,FALSE,FALSE,FALSE,2024/07/18,モンスターハンタークロス,",,,,,,,,2025/06/30,2025/09/14,2025/09/29,2025/10/13,2025/11/24,2025/12/1",十六夜に揺らぐ鬼火銀雪のランページ春陽薙ぐソードテイル夕凪乱す赤き残光,"森林,沼地,雪原","片手剣,双剣,大剣,太刀,ハンマー,狩猟笛,ランス,ガンランス,スラッシュアックス,チャージアックス,操虫棍,ライトボウガン,ヘビィボウガン,弓",2024/07/03 20:39:10,2025/10/07 21:42:05
B5mR1s9y,プケプケ亜種,CoralPukeiPukei,27,鳥竜種,水妖鳥（みずようちょう）,亜種,素材削減,小,小,なし,,,尻尾,頭,,,https://s3.ap-northeast-1.amazonaws.com/staging.click-platform.dbfile/user34252/2024/06/28/c262bf54039.png?AWSAccessKeyId=AKIA3JCH5IRY54KVZTMW&Expires=2034924464&Signature=BEDuFbOaTtfhlmueCr%2BWTmYpv2U%3D,氷,https://s3.ap-northeast-1.amazonaws.com/staging.click-platform.dbfile/user34252/2024/06/28/262bf540395.png?AWSAccessKeyId=AKIA3JCH5IRY54KVZTMW&Expires=2034924471&Signature=4TRkPFQJzsgssNyOIVIJe3Zv7O8%3D,毒,,,,,,,氷属性毒,https://s3.ap-northeast-1.amazonaws.com/staging.click-platform.dbfile/user34252/2024/06/28/d0b4f5ba449.png?AWSAccessKeyId=AKIA3JCH5IRY54KVZTMW&Expires=2034924613&Signature=eRV8VhbVsh6zkwRyc6c1Yl1PK48%3D,水,,,,,水,https://s3.ap-northeast-1.amazonaws.com/staging.click-platform.dbfile/user34252/2024/06/21/541604e83e9.png?AWSAccessKeyId=AKIA3JCH5IRY54KVZTMW&Expires=2034338764&Signature=%2BeEJZ%2Bhy5Qr1NSGzmwu%2BKne3Eo8%3D,https://s3.ap-northeast-1.amazonaws.com/staging.click-platform.dbfile/user34252/2024/06/26/cb18c18ecc7.png?AWSAccessKeyId=AKIA3JCH5IRY54KVZTMW&Expires=2034722592&Signature=7NC%2BoveBlAcFZQ92ntaq9YPbq0M%3D,なし,青,なし,FALSE,FALSE,FALSE,,モンスターハンターワールド：アイスボーン,",,,,,,,2025/07/07,2025/09/14,,,2026/01/05",十六夜に揺らぐ鬼火銀雪のランページ春陽薙ぐソードテイル夕凪乱す赤き残光要撃用意！次元臨界の咆哮,"森林,沼地","片手剣,大剣,ハンマー,狩猟笛,ランス,スラッシュアックス,操虫棍,ライトボウガン,ヘビィボウガン,弓",2024/06/21 17:46:22,2025/12/16 17:12:02
X7yZ2k4m,ディアブロス亜種,BlackDiablos,26,飛竜種,黒角竜（こくかくりゅう）,亜種,素材削減,大,小,なし,,,角,頭,腹,尻尾,https://s3.ap-northeast-1.amazonaws.com/staging.click-platform.dbfile/user34252/2024/06/28/ece7f635f6a.png?AWSAccessKeyId=AKIA3JCH5IRY54KVZTMW&Expires=2034925192&Signature=RG3RFWJddDl%2Bi845v%2Br5D6pp2Xo%3D,氷,https://s3.ap-northeast-1.amazonaws.com/staging.click-platform.dbfile/user34252/2024/06/28/2aece7f635f.png?AWSAccessKeyId=AKIA3JCH5IRY54KVZTMW&Expires=2034925187&Signature=gp7cnuAV%2FdDa4hSMyMBW%2BGkfgkk%3D,麻痺,,,,,,,氷属性麻痺,https://s3.ap-northeast-1.amazonaws.com/staging.click-platform.dbfile/user34252/2025/10/17/89ca6e766b4.png?AWSAccessKeyId=AKIA3JCH5IRY54KVZTMW&Expires=2076050101&Signature=VSAvBvGZk%2BjWjwn%2BygSMkZ7Ie1E%3D,無属性,,,,,無,https://s3.ap-northeast-1.amazonaws.com/staging.click-platform.dbfile/user34252/2024/06/21/18ddc354160.png?AWSAccessKeyId=AKIA3JCH5IRY54KVZTMW&Expires=2034338747&Signature=G%2BcZbzGedA%2FWAojaqgy8AR9hxbE%3D,https://s3.ap-northeast-1.amazonaws.com/staging.click-platform.dbfile/user34252/2024/06/26/473199f62fa.png?AWSAccessKeyId=AKIA3JCH5IRY54KVZTMW&Expires=2034723293&Signature=vrmbByuitZfDxZGU2NHnRHq7%2BQI%3D,なし,黒,なし,FALSE,FALSE,FALSE,,モンスターハンター,",,,,,,,,,2025/09/29",十六夜に揺らぐ鬼火銀雪のランページ春陽薙ぐソードテイル夕凪乱す赤き残光,砂漠,"双剣,ハンマー,スラッシュアックス,チャージアックス,操虫棍,ヘビィボウガン,弓",2024/06/21 17:46:11,2025/11/07 16:36:30
D9mS4n1w,リオレウス亜種,AzureRathalos,25,飛竜種,蒼火竜（あおひりゅう）,亜種,素材削減,大,大,なし,,,尻尾,頭,翼,尻尾先,https://s3.ap-northeast-1.amazonaws.com/staging.click-platform.dbfile/user34252/2024/06/28/0ae82f59484.png?AWSAccessKeyId=AKIA3JCH5IRY54KVZTMW&Expires=2034926570&Signature=IGNy4GHl3SRO4UM8pD06OMp1W78%3D,氷,https://s3.ap-northeast-1.amazonaws.com/staging.click-platform.dbfile/user34252/2024/06/28/e82f5948444.png?AWSAccessKeyId=AKIA3JCH5IRY54KVZTMW&Expires=2034926581&Signature=JXSGS%2F%2FbnVRZjPtSsVE756feNrA%3D,龍,,,,,,,氷属性龍属性,https://s3.ap-northeast-1.amazonaws.com/staging.click-platform.dbfile/user34252/2024/06/28/444a303a5ae.png?AWSAccessKeyId=AKIA3JCH5IRY54KVZTMW&Expires=2034926725&Signature=UCW48qbmwzY7%2FqHSBkVob%2F9EyB0%3D,火,https://s3.ap-northeast-1.amazonaws.com/staging.click-platform.dbfile/user34252/2024/06/28/a5ae4a830a7.png?AWSAccessKeyId=AKIA3JCH5IRY54KVZTMW&Expires=2034926792&Signature=10vIo5Djr3kW6Yb6Oqt6DbKqIeY%3D,毒,,,火毒,https://s3.ap-northeast-1.amazonaws.com/staging.click-platform.dbfile/user34252/2024/06/21/da202b3a66f.png?AWSAccessKeyId=AKIA3JCH5IRY54KVZTMW&Expires=2034320459&Signature=%2FjnoJ9vSTj2XHfHUcC2B9pC2uKE%3D,https://s3.ap-northeast-1.amazonaws.com/staging.click-platform.dbfile/user34252/2024/06/26/28d7770f3dd.png?AWSAccessKeyId=AKIA3JCH5IRY54KVZTMW&Expires=2034723411&Signature=SFnS1JP7PWvhXEk0yNHxLc4zfUs%3D,なし,赤,なし,FALSE,FALSE,FALSE,,モンスターハンター,",,,,,,2025/10/06,2025/08/25,2025/07/03,2025/09/14,,,2026/01/05",十六夜に揺らぐ鬼火銀雪のランページキリンに備えよ！火属性強化クエスト春陽薙ぐソードテイル夕凪乱す赤き残光集い築け！空飛ぶ探索拠点！,森林,"片手剣,大剣,太刀,ランス,ガンランス,スラッシュアックス,チャージアックス,操虫棍,ライトボウガン,弓",2024/06/21 17:45:45,2025/10/07 21:41:56
gP3vT8rL,リオレイア亜種,PinkRathian,24,飛竜種,桜火竜（さくらかりゅう）,亜種,素材削減,小,小,なし,,,尻尾（切断のみ）,頭,翼,尻尾先,https://s3.ap-northeast-1.amazonaws.com/staging.click-platform.dbfile/user34252/2024/06/26/0f3dd847001.png?AWSAccessKeyId=AKIA3JCH5IRY54KVZTMW&Expires=2034723537&Signature=SZ3MlCJQ5CQQOt6dlphGIwie13s%3D,雷,https://s3.ap-northeast-1.amazonaws.com/staging.click-platform.dbfile/user34252/2024/06/26/f3dd847001f.png?AWSAccessKeyId=AKIA3JCH5IRY54KVZTMW&Expires=2034723558&Signature=J%2FZWmnS5iAGHUUVtEJEWXpUQiaE%3D,龍,,,,,,,雷属性龍属性,https://s3.ap-northeast-1.amazonaws.com/staging.click-platform.dbfile/user34252/2024/06/26/7770f3dd847.png?AWSAccessKeyId=AKIA3JCH5IRY54KVZTMW&Expires=2034723513&Signature=RNxq6UWe3q7U1dstBDfLTS2hKAw%3D,火,https://s3.ap-northeast-1.amazonaws.com/staging.click-platform.dbfile/user34252/2024/06/26/003d0ed131e.png?AWSAccessKeyId=AKIA3JCH5IRY54KVZTMW&Expires=2034724476&Signature=dMOvgjhCpOA90%2BNL%2BGqpmdyl48U%3D,毒,,,火毒,https://s3.ap-northeast-1.amazonaws.com/staging.click-platform.dbfile/user34252/2025/06/11/9119992e146.png?AWSAccessKeyId=AKIA3JCH5IRY54KVZTMW&Expires=2064986310&Signature=dUn4nIwx76lvbpR7D%2BTAU6z%2FL%2Fs%3D,https://s3.ap-northeast-1.amazonaws.com/staging.click-platform.dbfile/user34252/2024/06/26/a28d7770f3d.png?AWSAccessKeyId=AKIA3JCH5IRY54KVZTMW&Expires=2034723403&Signature=9pQ7AMVLhB3jC3vavlJJxdohXi8%3D,なし,青,なし,FALSE,FALSE,FALSE,,モンスターハンター,",,,,,,,,2025/07/14,2025/09/14,2025/10/20,2025/11/24",十六夜に揺らぐ鬼火銀雪のランページ春陽薙ぐソードテイル夕凪乱す赤き残光,森林,"片手剣,太刀,狩猟笛,ガンランス,チャージアックス,弓",2024/06/21 17:45:07,2025/11/07 16:30:56
2hR9tP4j,クシャルダオラ,KushalaDaora,23,古龍種,鋼龍（こうりゅう）,古龍種,,大,大,なし,,,頭,頭,前脚,尻尾,https://s3.ap-northeast-1.amazonaws.com/staging.click-platform.dbfile/user34252/2024/06/27/09aa12a8464.png?AWSAccessKeyId=AKIA3JCH5IRY54KVZTMW&Expires=2034834683&Signature=c9ilFCl48DoPudfOVKA05y8zEEk%3D,雷,https://s3.ap-northeast-1.amazonaws.com/staging.click-platform.dbfile/user34252/2024/06/27/2a8464729b6.png?AWSAccessKeyId=AKIA3JCH5IRY54KVZTMW&Expires=2034834695&Signature=vzdkvJ2PBqptuvZnBQZX1ZaNED0%3D,龍,https://s3.ap-northeast-1.amazonaws.com/staging.click-platform.dbfile/user34252/2024/06/27/729b6437683.png?AWSAccessKeyId=AKIA3JCH5IRY54KVZTMW&Expires=2034834717&Signature=%2FoyjfilUzroFsQN7SCCh0U10Bt0%3D,毒,https://s3.ap-northeast-1.amazonaws.com/staging.click-platform.dbfile/user34252/2024/09/30/dcb10e5ad21.png?AWSAccessKeyId=AKIA3JCH5IRY54KVZTMW&Expires=2043064543&Signature=wiKCyb%2B8dqHkOk%2Fl%2BUdTo0oQXsA%3D,爆破,,,雷属性龍属性毒爆破,https://s3.ap-northeast-1.amazonaws.com/staging.click-platform.dbfile/user34252/2025/10/17/934e26e1b86.png?AWSAccessKeyId=AKIA3JCH5IRY54KVZTMW&Expires=2076050107&Signature=YfHuJZM%2BYHL9Avckc1%2BYStz5Uy8%3D,無属性,,,,,無,https://s3.ap-northeast-1.amazonaws.com/staging.click-platform.dbfile/user34252/2024/06/21/3360a216381.png?AWSAccessKeyId=AKIA3JCH5IRY54KVZTMW&Expires=2034339198&Signature=C0olo%2BXG2Y0kNo56IULD0d8CK1g%3D,https://s3.ap-northeast-1.amazonaws.com/staging.click-platform.dbfile/user34252/2024/06/21/fc345f40c75.png?AWSAccessKeyId=AKIA3JCH5IRY54KVZTMW&Expires=2034340742&Signature=0aPYgboO8S%2BBHkDWd4Xh9qPcqU4%3D,なし,,なし,FALSE,FALSE,FALSE,,モンスターハンター2（ドス）,",2025/08/25,2026/01/19",,古龍迎撃戦,"片手剣,双剣,大剣,太刀,ハンマー,狩猟笛,ランス,ガンランス,スラッシュアックス,チャージアックス,操虫棍,ライトボウガン,ヘビィボウガン,弓",2024/06/21 17:31:02,2025/10/17 18:32:35
6vN1mX7s,フルフル,Khezu,22,飛竜種,奇怪竜（きかいりゅう）,"通常種,次元変異",素材削減,大,小,なし,,,頭,頭,首,胴,https://s3.ap-northeast-1.amazonaws.com/staging.click-platform.dbfile/user34252/2024/06/27/8e49e0033fb.png?AWSAccessKeyId=AKIA3JCH5IRY54KVZTMW&Expires=2034834809&Signature=Mz0X%2Fa5VLRoTtIxfG6DAcpEourU%3D,火,https://s3.ap-northeast-1.amazonaws.com/staging.click-platform.dbfile/user34252/2024/06/27/9e0033fbc17.png?AWSAccessKeyId=AKIA3JCH5IRY54KVZTMW&Expires=2034834819&Signature=wydokMyIXuqRTBaRYD%2FUJwO0bCc%3D,毒,,,,,,,火属性毒,https://s3.ap-northeast-1.amazonaws.com/staging.click-platform.dbfile/user34252/2024/06/27/33fbc176974.png?AWSAccessKeyId=AKIA3JCH5IRY54KVZTMW&Expires=2034834837&Signature=AiOc%2FGt1TLgJhwvB5vtMEXGY8zg%3D,雷,https://s3.ap-northeast-1.amazonaws.com/staging.click-platform.dbfile/user34252/2024/06/27/bc1769740b0.png?AWSAccessKeyId=AKIA3JCH5IRY54KVZTMW&Expires=2034834849&Signature=vXVJIxVICuQHXo%2Fcoucsup6CHrg%3D,麻痺,,,雷麻痺,https://s3.ap-northeast-1.amazonaws.com/staging.click-platform.dbfile/user34252/2024/06/21/ae3360a2163.png?AWSAccessKeyId=AKIA3JCH5IRY54KVZTMW&Expires=2034339192&Signature=t%2FuaddRxQOcqMMvkNYTKcPUxWNo%3D,https://s3.ap-northeast-1.amazonaws.com/staging.click-platform.dbfile/user34252/2024/06/26/2203a729696.png?AWSAccessKeyId=AKIA3JCH5IRY54KVZTMW&Expires=2034722476&Signature=%2BClJQ6lvCo3aLpFygg%2BYrk4YBBk%3D,なし,黄色,なし,FALSE,FALSE,FALSE,,モンスターハンター,",,,,,,2025/08/04,2025/12/11,2025/12/22,2025/12/29,2025/12/26,2026/01/05,2026/01/12",十六夜に揺らぐ鬼火銀雪のランページバゼルギウスに備えよう！雷属性強化クエスト春陽薙ぐソードテイル夕凪乱す赤き残光,"沼地,雪原","片手剣,双剣,大剣,ハンマー,狩猟笛,ガンランス,スラッシュアックス,操虫棍,ライトボウガン,弓",2024/06/21 17:30:14,2025/12/11 10:21:02
xZ5kM9rN,バサルモス,Basarios,21,飛竜種,岩竜（がんりゅう）,通常種,素材削減,小,なし,なし,,,頭,頭（打）,腹（斬）,翼（弾）,https://s3.ap-northeast-1.amazonaws.com/staging.click-platform.dbfile/user34252/2024/06/28/495976b2f30.png?AWSAccessKeyId=AKIA3JCH5IRY54KVZTMW&Expires=2034923863&Signature=Wt3Up6FJOLXrD2PDwpKQAq7vuok%3D,水,https://s3.ap-northeast-1.amazonaws.com/staging.click-platform.dbfile/user34252/2024/06/28/0e495976b2f.png?AWSAccessKeyId=AKIA3JCH5IRY54KVZTMW&Expires=2034923857&Signature=%2Fdv3NRE9Ag4a1KrT3gIqNjbron0%3D,龍,https://s3.ap-northeast-1.amazonaws.com/staging.click-platform.dbfile/user34252/2024/06/28/20e495976b2.png?AWSAccessKeyId=AKIA3JCH5IRY54KVZTMW&Expires=2034923849&Signature=J1IURlQAxm2nyb35dF242T%2Fm%2FYI%3D,毒,https://s3.ap-northeast-1.amazonaws.com/staging.click-platform.dbfile/user34252/2024/06/28/320e495976b.png?AWSAccessKeyId=AKIA3JCH5IRY54KVZTMW&Expires=2034923843&Signature=azyJFRf6CkdUUhG5gUsYC9YlDns%3D,睡眠,,,水属性龍属性毒睡眠,https://s3.ap-northeast-1.amazonaws.com/staging.click-platform.dbfile/user34252/2024/06/28/9e89e6d558c.png?AWSAccessKeyId=AKIA3JCH5IRY54KVZTMW&Expires=2034923116&Signature=9hRzx4f8ekh%2FNgATV9xpiJT6aMc%3D,火,https://s3.ap-northeast-1.amazonaws.com/staging.click-platform.dbfile/user34252/2024/06/28/79e89e6d558.png?AWSAccessKeyId=AKIA3JCH5IRY54KVZTMW&Expires=2034923110&Signature=PLq7oVLXyxlfcwOVfpH194XX2X4%3D,毒,https://s3.ap-northeast-1.amazonaws.com/staging.click-platform.dbfile/user34252/2024/06/28/179e89e6d55.png?AWSAccessKeyId=AKIA3JCH5IRY54KVZTMW&Expires=2034923104&Signature=c5%2Fk4OoXJW3uboj%2F0LR2iCTa%2BQU%3D,睡眠,火毒睡眠,https://s3.ap-northeast-1.amazonaws.com/staging.click-platform.dbfile/user34252/2024/06/21/5ae3360a216.png?AWSAccessKeyId=AKIA3JCH5IRY54KVZTMW&Expires=2034339181&Signature=6o8%2FHGYdTrg8B9chbRo3e17KcsU%3D,https://s3.ap-northeast-1.amazonaws.com/staging.click-platform.dbfile/user34252/2024/06/26/c2203a72969.png?AWSAccessKeyId=AKIA3JCH5IRY54KVZTMW&Expires=2034722466&Signature=o5G593%2BntWpYHzFNAIZzwgkDd9Q%3D,なし,青,なし,FALSE,FALSE,FALSE,,モンスターハンター,",,,,,,2025/09/01,,2026/01/05,2026/01/26",十六夜に揺らぐ鬼火銀雪のランページキリンに備えよ！火属性強化クエスト夕凪乱す赤き残光集い築け！空飛ぶ探索拠点！,砂漠,"太刀,ハンマー,狩猟笛,ランス,チャージアックス,ライトボウガン,ヘビィボウガン",2024/06/21 17:29:34,2025/11/07 16:31:02
G2sD7n1w,イビルジョー,Deviljho,20,獣竜種,恐暴竜（きょうぼうりゅう）,"通常種,次元変異",素材削減,大,小,小,,,頭,頭,胸（興奮時）,,https://s3.ap-northeast-1.amazonaws.com/staging.click-platform.dbfile/user34252/2024/06/28/a8c3b60bdaa.png?AWSAccessKeyId=AKIA3JCH5IRY54KVZTMW&Expires=2034922394&Signature=YYOxWpP8NLkEsfXH882O5%2FDWEgc%3D,雷,https://s3.ap-northeast-1.amazonaws.com/staging.click-platform.dbfile/user34252/2024/06/28/3b60bdaacd9.png?AWSAccessKeyId=AKIA3JCH5IRY54KVZTMW&Expires=2034922400&Signature=tapDlvL%2FOkX7HQBMmP7FqNkDzi8%3D,龍,https://s3.ap-northeast-1.amazonaws.com/staging.click-platform.dbfile/user34252/2024/06/28/60bdaacd972.png?AWSAccessKeyId=AKIA3JCH5IRY54KVZTMW&Expires=2034922406&Signature=04KE2u4gr348sj6BHvWrB49bnRE%3D,毒,,,,,雷属性龍属性毒,https://s3.ap-northeast-1.amazonaws.com/staging.click-platform.dbfile/user34252/2024/06/25/fe1c3e0b985.png?AWSAccessKeyId=AKIA3JCH5IRY54KVZTMW&Expires=2034675789&Signature=ccCxt27klzfvaJsNr%2BCswQqUNws%3D,龍,,,,,龍,https://s3.ap-northeast-1.amazonaws.com/staging.click-platform.dbfile/user34252/2024/06/21/d425ae3360a.png?AWSAccessKeyId=AKIA3JCH5IRY54KVZTMW&Expires=2034339174&Signature=U20ZwICv6Meqo2Rp440oXLoTBKY%3D,https://s3.ap-northeast-1.amazonaws.com/staging.click-platform.dbfile/user34252/2024/06/25/1cdc2490f4d.png?AWSAccessKeyId=AKIA3JCH5IRY54KVZTMW&Expires=2034676118&Signature=DrORRjfgvHFqwLUZU2p8fiYKqq0%3D,なし,黒,なし,FALSE,FALSE,FALSE,,モンスターハンター3（トライ）,"2025/09/25,,2025/10/06,,,2025/07/14,2025/08/25,2025/09/18,2025/09/29,2025/09/26a,2025/09/27b,2025/09/28c,2025/09/18a,2025/11/17,2025/12/5,2025/12/29,,2026/01/19",要撃用意！次元臨界の咆哮,"森林,砂漠,沼地,雪原","片手剣,双剣,太刀,ハンマー,狩猟笛,ランス,ガンランス,スラッシュアックス,チャージアックス,操虫棍,ライトボウガン,ヘビィボウガン,弓",2024/06/21 17:29:16,2025/12/16 17:13:07
jP4vT9rL,オドガロン,Odogaron,19,牙竜種,惨爪竜（ざんそうりゅう）,通常種,素材削減,小,なし,なし,,,前脚,頭,前脚,,https://s3.ap-northeast-1.amazonaws.com/staging.click-platform.dbfile/user34252/2024/06/28/14734847754.png?AWSAccessKeyId=AKIA3JCH5IRY54KVZTMW&Expires=2034922217&Signature=exOcgZVViAoO%2Fk8swX6SCvIbWNU%3D,氷,https://s3.ap-northeast-1.amazonaws.com/staging.click-platform.dbfile/user34252/2024/06/28/73484775431.png?AWSAccessKeyId=AKIA3JCH5IRY54KVZTMW&Expires=2034922223&Signature=aGycX0uB%2FRrjIkL42kX6qFX%2BeF8%3D,麻痺,,,,,,,氷属性麻痺,https://s3.ap-northeast-1.amazonaws.com/staging.click-platform.dbfile/user34252/2025/10/17/040d3b11185.png?AWSAccessKeyId=AKIA3JCH5IRY54KVZTMW&Expires=2076050115&Signature=ZCbs7KHBMhBQ9J9eMo6HFoR5GYI%3D,無属性,,,,,無,https://s3.ap-northeast-1.amazonaws.com/staging.click-platform.dbfile/user34252/2024/06/21/912d425ae33.png?AWSAccessKeyId=AKIA3JCH5IRY54KVZTMW&Expires=2034339166&Signature=2VP32gj9qqT6LW0Xnn6vpMUXyj4%3D,https://s3.ap-northeast-1.amazonaws.com/staging.click-platform.dbfile/user34252/2024/06/26/c06249c2203.png?AWSAccessKeyId=AKIA3JCH5IRY54KVZTMW&Expires=2034722422&Signature=P4U2velLs2Hwz5K8OT9UUUdP1iE%3D,あり,黒,なし,FALSE,FALSE,FALSE,,モンスターハンター：ワールド,",,",十六夜に揺らぐ鬼火銀雪のランページ,"砂漠,沼地","双剣,ランス,チャージアックス,操虫棍,ライトボウガン",2024/06/21 17:28:58,2025/11/07 16:36:38
9vN7kX2m,ツィツィヤック,TzitziYaKu,18,鳥竜種,眩鳥（げんちょう）,通常種,素材削減,なし,なし,なし,,,頭（1回目、2回目）,頭,前脚,腹部,https://s3.ap-northeast-1.amazonaws.com/staging.click-platform.dbfile/user34252/2024/06/27/0b5339d42b2.png?AWSAccessKeyId=AKIA3JCH5IRY54KVZTMW&Expires=2034825602&Signature=vWMkPnc8UMrGEgyFxKLvnde4spY%3D,氷,,,,,,,,,氷属性,https://s3.ap-northeast-1.amazonaws.com/staging.click-platform.dbfile/user34252/2025/10/17/b1118515295.png?AWSAccessKeyId=AKIA3JCH5IRY54KVZTMW&Expires=2076050121&Signature=goIHCMQ2qWkHAi4Yt1qSjo0P6o0%3D,無属性,,,,,無,https://s3.ap-northeast-1.amazonaws.com/staging.click-platform.dbfile/user34252/2024/06/21/b0912d425ae.png?AWSAccessKeyId=AKIA3JCH5IRY54KVZTMW&Expires=2034339158&Signature=zuO97%2B%2FgfIhVJVpfnpLCjKCIM04%3D,https://s3.ap-northeast-1.amazonaws.com/staging.click-platform.dbfile/user34252/2024/06/26/3c06249c220.png?AWSAccessKeyId=AKIA3JCH5IRY54KVZTMW&Expires=2034722416&Signature=TdG%2FjmPLn4RSCVQgXM3zxCG6TkY%3D,なし,黄色,あり,FALSE,FALSE,FALSE,,モンスターハンター：ワールド,",,,,2025/10/13,,2025/06/30,2025/08/04,,2025/12/22",十六夜に揺らぐ鬼火銀雪のランページバゼルギウスに備えよう！雷属性強化クエスト集い築け！空飛ぶ探索拠点！,"砂漠,沼地","双剣,太刀,操虫棍,ヘビィボウガン",2024/06/21 17:28:37,2025/12/22 13:49:27
3hR4tP9s,ジンオウガ,Zinogre,17,牙竜種,雷狼竜（らいろうりゅう）,"通常種,次元変異",,小,大,なし,,,尻尾,頭,後脚,,https://s3.ap-northeast-1.amazonaws.com/staging.click-platform.dbfile/user34252/2024/06/27/e180d3d8da6.png?AWSAccessKeyId=AKIA3JCH5IRY54KVZTMW&Expires=2034834265&Signature=3CvdYJ2YL1%2Fjlw03RA3syFV8tdY%3D,氷,,,,,,,,,氷属性,https://s3.ap-northeast-1.amazonaws.com/staging.click-platform.dbfile/user34252/2024/06/27/55930fe806f.png?AWSAccessKeyId=AKIA3JCH5IRY54KVZTMW&Expires=2034834339&Signature=U08abkIGF%2ByhOxJ%2B0OdtO8rT6Eg%3D,雷,,,,,雷,https://s3.ap-northeast-1.amazonaws.com/staging.click-platform.dbfile/user34252/2024/06/21/6fab0912d42.png?AWSAccessKeyId=AKIA3JCH5IRY54KVZTMW&Expires=2034339150&Signature=ZfYutjAqMEt9%2FCLUWdQGzt8LZ0g%3D,https://s3.ap-northeast-1.amazonaws.com/staging.click-platform.dbfile/user34252/2024/06/26/04ef84ec43c.png?AWSAccessKeyId=AKIA3JCH5IRY54KVZTMW&Expires=2034722359&Signature=wJx%2BRccKRlKqCHWKLkEsBztLoqM%3D,なし,黄色,なし,FALSE,FALSE,FALSE,,モンスターハンターポータブル3rd,",,,,,2025/06/02,,,2025/08/04,2025/12/22",十六夜に揺らぐ鬼火銀雪のランページバゼルギウスに備えよう！雷属性強化クエスト春陽薙ぐソードテイル夕凪乱す赤き残光,"森林,沼地,雪原","片手剣,双剣,大剣,太刀,ハンマー,狩猟笛,ランス,ガンランス,スラッシュアックス,チャージアックス,操虫棍,ライトボウガン,ヘビィボウガン,弓",2024/06/21 17:28:16,2025/10/17 18:33:35
kL1wT7qf,ベリオロス,Barioth,16,飛竜種,氷牙竜（ひょうがりゅう）,"通常種,次元変異,次元臨界",素材削減,大,大,なし,,翼の棘を破壊すると動きに隙が生まれる。棘は、打撃系の武器が効果的。,尻尾,頭,,,https://s3.ap-northeast-1.amazonaws.com/staging.click-platform.dbfile/user34252/2024/06/28/acbadb806d8.png?AWSAccessKeyId=AKIA3JCH5IRY54KVZTMW&Expires=2034922036&Signature=ElSfw9Jlfj7zdp2azfkmk%2Fu94%2BM%3D,火,,,,,,,,,火属性,https://s3.ap-northeast-1.amazonaws.com/staging.click-platform.dbfile/user34252/2024/06/28/adb806d8a05.png?AWSAccessKeyId=AKIA3JCH5IRY54KVZTMW&Expires=2034922051&Signature=gek%2FqqMW16Xo7L8vq%2BBD5xhuoVk%3D,氷,,,,,氷,https://s3.ap-northeast-1.amazonaws.com/staging.click-platform.dbfile/user34252/2024/06/21/1e26fab0912.png?AWSAccessKeyId=AKIA3JCH5IRY54KVZTMW&Expires=2034339142&Signature=NJ1B65M0993M6W1VJtLuuqxq6M0%3D,https://s3.ap-northeast-1.amazonaws.com/staging.click-platform.dbfile/user34252/2024/06/26/ef84ec43c06.png?AWSAccessKeyId=AKIA3JCH5IRY54KVZTMW&Expires=2034722369&Signature=LGUrL3Qk7NAY%2Fjeez0H7TKGRS5w%3D,なし,水色,なし,FALSE,FALSE,FALSE,,モンスターハンター3（トライ）,",,,,,2025/07/21,2025/09/14,2025/09/18",銀雪のランページ春陽薙ぐソードテイル夕凪乱す赤き残光,雪原,"片手剣,双剣,大剣,太刀,ハンマー,狩猟笛,ランス,ガンランス,スラッシュアックス,チャージアックス,操虫棍,ライトボウガン,ヘビィボウガン,弓",2024/06/21 17:27:59,2025/10/07 21:38:29
B9mR2s4y,バフバロ,Banbaro,15,獣竜種,猛牛竜（もうぎゅうりゅう）,"通常種,次元変異",素材削減,小,なし,小,,,角,頭,,,https://s3.ap-northeast-1.amazonaws.com/staging.click-platform.dbfile/user34252/2024/06/28/d710116cbc2.png?AWSAccessKeyId=AKIA3JCH5IRY54KVZTMW&Expires=2034921831&Signature=AcI%2B9nHcdEo%2BSwrxJI7K12PbjUs%3D,火,https://s3.ap-northeast-1.amazonaws.com/staging.click-platform.dbfile/user34252/2024/06/28/10116cbc2f9.png?AWSAccessKeyId=AKIA3JCH5IRY54KVZTMW&Expires=2034921846&Signature=FH6MTRBv3iYbVWzsMes8yEwojZI%3D,龍,https://s3.ap-northeast-1.amazonaws.com/staging.click-platform.dbfile/user34252/2024/09/30/15d43f732df.png?AWSAccessKeyId=AKIA3JCH5IRY54KVZTMW&Expires=2043064506&Signature=yOmWYZUdqB7hybS26XS2CSqFI4g%3D,爆破,,,,,火属性龍属性爆破,https://s3.ap-northeast-1.amazonaws.com/staging.click-platform.dbfile/user34252/2025/10/17/18515295142.png?AWSAccessKeyId=AKIA3JCH5IRY54KVZTMW&Expires=2076050128&Signature=z%2FT0DAT5R%2BDvH7Wt1s9VTad8mL0%3D,無属性,,,,,無,https://s3.ap-northeast-1.amazonaws.com/staging.click-platform.dbfile/user34252/2024/06/21/111e26fab09.png?AWSAccessKeyId=AKIA3JCH5IRY54KVZTMW&Expires=2034339135&Signature=DXCj3gLANhisPH58u1NksQZs5AQ%3D,https://s3.ap-northeast-1.amazonaws.com/staging.click-platform.dbfile/user34252/2024/06/26/81655119870.png?AWSAccessKeyId=AKIA3JCH5IRY54KVZTMW&Expires=2034722048&Signature=nqnBAZID7o6XTdBUryI0x%2F1jQ5Y%3D,なし,白,なし,FALSE,FALSE,FALSE,,モンスターハンターワールド：アイスボーン,",,,",十六夜に揺らぐ鬼火銀雪のランページ,"森林,沼地,雪原","双剣,大剣,太刀,ハンマー,ガンランス,スラッシュアックス,ライトボウガン,弓",2024/06/21 17:27:28,2025/10/17 17:35:29
X1yZ7k3m,ラドバルキン,Radobaan,14,獣竜種,骨鎚竜（こつつりゅう）,"通常種,次元変異",,小,なし,小,,,頭,頭,,,https://s3.ap-northeast-1.amazonaws.com/staging.click-platform.dbfile/user34252/2024/06/28/4710cdfb791.png?AWSAccessKeyId=AKIA3JCH5IRY54KVZTMW&Expires=2034920996&Signature=JdLWj%2BH2roT5RUKXHlBvsBgNuZU%3D,氷,https://s3.ap-northeast-1.amazonaws.com/staging.click-platform.dbfile/user34252/2024/06/28/10cdfb791e3.png?AWSAccessKeyId=AKIA3JCH5IRY54KVZTMW&Expires=2034921005&Signature=LtRKaDlKA1mht3br%2FRdpqGyACqo%3D,龍,https://s3.ap-northeast-1.amazonaws.com/staging.click-platform.dbfile/user34252/2024/09/30/11713f815d4.png?AWSAccessKeyId=AKIA3JCH5IRY54KVZTMW&Expires=2043064483&Signature=cr59%2FqfzXnPzF1PAqBearCUJ6Jg%3D,爆破,,,,,氷属性龍属性爆破,https://s3.ap-northeast-1.amazonaws.com/staging.click-platform.dbfile/user34252/2024/06/28/0cdfb791e3e.png?AWSAccessKeyId=AKIA3JCH5IRY54KVZTMW&Expires=2034921034&Signature=J0HDIpBvJ%2Fk4Dd%2FMNYJnegzQTUs%3D,睡眠,,,,,睡眠,https://s3.ap-northeast-1.amazonaws.com/staging.click-platform.dbfile/user34252/2024/06/21/66f0edb86a4.png?AWSAccessKeyId=AKIA3JCH5IRY54KVZTMW&Expires=2034320488&Signature=TyFoL3ZZcMeVFujnl1O32Urozss%3D,https://s3.ap-northeast-1.amazonaws.com/staging.click-platform.dbfile/user34252/2024/06/26/d7816551198.png?AWSAccessKeyId=AKIA3JCH5IRY54KVZTMW&Expires=2034722020&Signature=pEr5j1uA8t4RuGgITNuYet17zLQ%3D,なし,水色,なし,FALSE,FALSE,FALSE,,モンスターハンター：ワールド,",,,,2025/09/01,2025/09/08,2025/09/14,2025/09/18,2025/09/19",十六夜に揺らぐ鬼火銀雪のランページ,"砂漠,沼地","片手剣,大剣,ハンマー,狩猟笛,ヘビィボウガン",2024/06/21 17:27:08,2025/11/07 16:35:11
D4mS9n2w,ディアブロス,Diablos,13,飛竜種,角竜（かくりゅう）,"通常種,次元変異",素材削減,大,小,なし,,,角,頭,,,https://s3.ap-northeast-1.amazonaws.com/staging.click-platform.dbfile/user34252/2024/06/28/ea4b0398708.png?AWSAccessKeyId=AKIA3JCH5IRY54KVZTMW&Expires=2034920646&Signature=LM4rYnzvfGhbAlEsiWSREzSBDfY%3D,氷,https://s3.ap-northeast-1.amazonaws.com/staging.click-platform.dbfile/user34252/2024/06/28/29c469b2502.png?AWSAccessKeyId=AKIA3JCH5IRY54KVZTMW&Expires=2034920679&Signature=GNRavcg95zR7tyBpOhhAsK0kKEE%3D,龍,https://s3.ap-northeast-1.amazonaws.com/staging.click-platform.dbfile/user34252/2024/06/28/9b2502e9af8.png?AWSAccessKeyId=AKIA3JCH5IRY54KVZTMW&Expires=2034920684&Signature=MWN8RLj8ZjbILGl5oM%2B0%2BoUhGrc%3D,麻痺,,,,,氷属性龍麻痺,https://s3.ap-northeast-1.amazonaws.com/staging.click-platform.dbfile/user34252/2025/10/17/295142388b1.png?AWSAccessKeyId=AKIA3JCH5IRY54KVZTMW&Expires=2076050134&Signature=OakSNjXROOGaEV4aUqFIoKuaRck%3D,無属性,,,,,無,https://s3.ap-northeast-1.amazonaws.com/staging.click-platform.dbfile/user34252/2024/06/21/fd179499a37.png?AWSAccessKeyId=AKIA3JCH5IRY54KVZTMW&Expires=2034339102&Signature=1DV%2F3fjUiHonxvVMjl%2F88XthKs8%3D,https://s3.ap-northeast-1.amazonaws.com/staging.click-platform.dbfile/user34252/2024/06/26/1bc1c358bb8.png?AWSAccessKeyId=AKIA3JCH5IRY54KVZTMW&Expires=2034721987&Signature=6x0KAS%2FpL4WvX0%2FvLt9WBWMQDBc%3D,なし,白,なし,FALSE,FALSE,FALSE,,モンスターハンター,",,,,2026/01/19,2026/01/26,2026/01/30",銀雪のランページ春陽薙ぐソードテイル夕凪乱す赤き残光集い築け！空飛ぶ探索拠点！,砂漠,"双剣,ハンマー,狩猟笛,スラッシュアックス,チャージアックス,操虫棍,ヘビィボウガン,弓",2024/06/21 17:26:47,2025/12/27 21:56:00
gP7vT1rL,リオレウス,Rathalos,12,飛竜種,火竜（ひりゅう）,"通常種,次元変異,次元臨界",素材削減,大,小,なし,,,尻尾,頭,翼,,https://s3.ap-northeast-1.amazonaws.com/staging.click-platform.dbfile/user34252/2024/06/28/42a3c5b84ed.png?AWSAccessKeyId=AKIA3JCH5IRY54KVZTMW&Expires=2034920014&Signature=olTXfWzrKnssh6ukJV%2BW4feb8Ic%3D,雷,https://s3.ap-northeast-1.amazonaws.com/staging.click-platform.dbfile/user34252/2024/06/28/c5b84eda4dc.png?AWSAccessKeyId=AKIA3JCH5IRY54KVZTMW&Expires=2034920028&Signature=qamHtTMxC5L3n5UQTsNKXH1j18c%3D,龍,,,,,,,雷属性龍属性,https://s3.ap-northeast-1.amazonaws.com/staging.click-platform.dbfile/user34252/2024/06/28/4eda4dc33f4.png?AWSAccessKeyId=AKIA3JCH5IRY54KVZTMW&Expires=2034920051&Signature=sf5%2F8IzWKYd3pIyv7tCCdqjtwg8%3D,火,https://s3.ap-northeast-1.amazonaws.com/staging.click-platform.dbfile/user34252/2024/06/28/a4dc33f4ea2.png?AWSAccessKeyId=AKIA3JCH5IRY54KVZTMW&Expires=2034920060&Signature=9wvtp66K5jf%2FydM73mbaYbEXx8M%3D,毒,,,火毒,https://s3.ap-northeast-1.amazonaws.com/staging.click-platform.dbfile/user34252/2024/06/21/edb86a487eb.png?AWSAccessKeyId=AKIA3JCH5IRY54KVZTMW&Expires=2034320527&Signature=VZEKqd5osUOyMpEEpmI3YmrwvCM%3D,https://s3.ap-northeast-1.amazonaws.com/staging.click-platform.dbfile/user34252/2024/06/26/70b1bc1c358.png?AWSAccessKeyId=AKIA3JCH5IRY54KVZTMW&Expires=2034721962&Signature=4Z9sjzcwYA0Ux5JHeKeyPuui9Qg%3D,なし,赤,なし,FALSE,FALSE,TRUE,,モンスターハンター,",",キリンに備えよ！火属性強化クエスト,森林,"片手剣,大剣,太刀,ハンマー,狩猟笛,ランス,ガンランス,スラッシュアックス,チャージアックス,操虫棍,ライトボウガン,弓",2024/06/21 17:26:09,2025/10/07 21:38:06
2hR3tP8j,レイギエナ,Legiana,11,飛竜種,風漂竜（ふうひょうりゅう）,"通常種,次元変異",素材削減,大,大,なし,,,翼,頭,翼,,https://s3.ap-northeast-1.amazonaws.com/staging.click-platform.dbfile/user34252/2024/06/28/5010f37f22f.png?AWSAccessKeyId=AKIA3JCH5IRY54KVZTMW&Expires=2034919856&Signature=Lo5Ry713id%2BFW5H%2FgHH2MPQ13sQ%3D,火,https://s3.ap-northeast-1.amazonaws.com/staging.click-platform.dbfile/user34252/2024/06/28/f37f22f2f1e.png?AWSAccessKeyId=AKIA3JCH5IRY54KVZTMW&Expires=2034919874&Signature=lC32FoBYs1w3engpa35tIMp5iBQ%3D,毒,,,,,,,火属性毒,https://s3.ap-northeast-1.amazonaws.com/staging.click-platform.dbfile/user34252/2024/06/28/d13cde39232.png?AWSAccessKeyId=AKIA3JCH5IRY54KVZTMW&Expires=2034919590&Signature=yLealUGk%2BPgnzKfS2HUtthRqZ6g%3D,氷,,,,,氷,https://s3.ap-northeast-1.amazonaws.com/staging.click-platform.dbfile/user34252/2024/06/21/f0edb86a487.png?AWSAccessKeyId=AKIA3JCH5IRY54KVZTMW&Expires=2034320516&Signature=5nSP%2FFveM0601UO%2BGoa4BWRy0fY%3D,https://s3.ap-northeast-1.amazonaws.com/staging.click-platform.dbfile/user34252/2024/06/26/563218470b1.png?AWSAccessKeyId=AKIA3JCH5IRY54KVZTMW&Expires=2034721933&Signature=%2F7Nsjau%2F%2BfnLm4Qaw1a9bfR81I8%3D,なし,水色,なし,FALSE,FALSE,FALSE,,モンスターハンター：ワールド,",,,2025/11/05,2025/11/14,2025/11/10,2025/11/24,2025/12/1,2025/12/5",春陽薙ぐソードテイル,"沼地,雪原","片手剣,双剣,大剣,太刀,狩猟笛,ランス,ガンランス,スラッシュアックス,チャージアックス,操虫棍,ライトボウガン,ヘビィボウガン,弓",2024/06/21 17:25:48,2025/11/10 10:52:40
6vN4mX9s,リオレイア,Rathian,10,飛竜種,雌火竜（めすかりゅう）,"通常種,次元変異,次元臨界",素材削減,小,小,なし,,,尻尾（切断のみ）,頭,,,https://s3.ap-northeast-1.amazonaws.com/staging.click-platform.dbfile/user34252/2024/06/28/4c0d7f55d72.png?AWSAccessKeyId=AKIA3JCH5IRY54KVZTMW&Expires=2034919127&Signature=SrcC3SRPOI3xOwG7YkvKl8CQXYw%3D,雷,https://s3.ap-northeast-1.amazonaws.com/staging.click-platform.dbfile/user34252/2024/06/28/5d7230091e8.png?AWSAccessKeyId=AKIA3JCH5IRY54KVZTMW&Expires=2034919144&Signature=ttC3YMQNtpKoXrCBzErlDXmGIX0%3D,龍,,,,,,,雷属性龍属性,https://s3.ap-northeast-1.amazonaws.com/staging.click-platform.dbfile/user34252/2024/06/28/47374050d62.png?AWSAccessKeyId=AKIA3JCH5IRY54KVZTMW&Expires=2034919272&Signature=thFDhgTn1YJ%2Fjvl6swK379ija6I%3D,火,https://s3.ap-northeast-1.amazonaws.com/staging.click-platform.dbfile/user34252/2024/06/28/74050d62f3c.png?AWSAccessKeyId=AKIA3JCH5IRY54KVZTMW&Expires=2034919282&Signature=HOAvPI7KXsTDjByUKxLMWNIMp3w%3D,毒,,,火毒,https://s3.ap-northeast-1.amazonaws.com/staging.click-platform.dbfile/user34252/2024/06/21/db86a487eb9.png?AWSAccessKeyId=AKIA3JCH5IRY54KVZTMW&Expires=2034320534&Signature=Xjjoo3ZUPthFAPcrHJkRrHRCCro%3D,https://s3.ap-northeast-1.amazonaws.com/staging.click-platform.dbfile/user34252/2024/06/26/d730f553563.png?AWSAccessKeyId=AKIA3JCH5IRY54KVZTMW&Expires=2034721906&Signature=HE0zW8hL5aonU1NhLwyApDBrZnE%3D,なし,青,なし,FALSE,FALSE,FALSE,,モンスターハンター,",,,2025/07/14,2025/09/14,2025/09/18,2025/09/29,2026/01/12,2026/01/19,",十六夜に揺らぐ鬼火夕凪乱す赤き残光,"森林,砂漠","片手剣,太刀,狩猟笛,ガンランス,スラッシュアックス,チャージアックス,操虫棍,ヘビィボウガン,弓",2024/06/21 17:25:13,2025/12/03 17:14:25
xZ9kM1rN,アンジャナフ,Anjanath,9,獣竜種,蛮顎竜（まんがくりゅう）,"通常種,次元変異",素材削減,小,小,なし,,,尻尾,頭,,,https://s3.ap-northeast-1.amazonaws.com/staging.click-platform.dbfile/user34252/2024/06/28/bb1c5d8aeae.png?AWSAccessKeyId=AKIA3JCH5IRY54KVZTMW&Expires=2034918703&Signature=E0vrz8NwayBMcFrnC5ccQgfd6B4%3D,水,,,,,,,,,水属性,https://s3.ap-northeast-1.amazonaws.com/staging.click-platform.dbfile/user34252/2024/06/28/5d8aeaeb5e0.png?AWSAccessKeyId=AKIA3JCH5IRY54KVZTMW&Expires=2034918720&Signature=1Y%2B7018oW7%2F0bcTDsQd7g0KwDT8%3D,火,,,,,火,https://s3.ap-northeast-1.amazonaws.com/staging.click-platform.dbfile/user34252/2024/06/21/76752cf27e8.png?AWSAccessKeyId=AKIA3JCH5IRY54KVZTMW&Expires=2034320201&Signature=EDj0SUfZQO8ik9NcF64nbdtzUPE%3D,https://s3.ap-northeast-1.amazonaws.com/staging.click-platform.dbfile/user34252/2024/06/26/4adee64fc1a.png?AWSAccessKeyId=AKIA3JCH5IRY54KVZTMW&Expires=2034721521&Signature=3fH1GrsTrRVwINx8H4MzLlwj8YA%3D,なし,赤,なし,FALSE,FALSE,FALSE,,モンスターハンター：ワールド,",,,2025/08/18,2025/10/06,2025/07/07,2025/09/14,2025/09/18",銀雪のランページキリンに備えよ！火属性強化クエスト,"森林,砂漠","片手剣,双剣,大剣,太刀,ハンマー,狩猟笛,ガンランス,スラッシュアックス,操虫棍,ライトボウガン,ヘビィボウガン,弓",2024/06/21 17:24:39,2025/10/07 21:36:50
G7sD2n4w,パオウルムー,Paolumu,8,飛竜種,浮空竜（ふくうりゅう）,通常種,素材削減,小,大,なし,,,尻尾,頭,頸袋,,https://s3.ap-northeast-1.amazonaws.com/staging.click-platform.dbfile/user34252/2024/06/27/037f75e2a8c.png?AWSAccessKeyId=AKIA3JCH5IRY54KVZTMW&Expires=2034846482&Signature=PxgAZp07h2pyRzwehv9D0zSVxFo%3D,火,https://s3.ap-northeast-1.amazonaws.com/staging.click-platform.dbfile/user34252/2024/09/30/f5a496f2911.png?AWSAccessKeyId=AKIA3JCH5IRY54KVZTMW&Expires=2043064445&Signature=1SL2HJSgsaaRFvh8stKWDzS4MaA%3D,爆破,,,,,,,火属性爆破,https://s3.ap-northeast-1.amazonaws.com/staging.click-platform.dbfile/user34252/2025/10/17/142388b109b.png?AWSAccessKeyId=AKIA3JCH5IRY54KVZTMW&Expires=2076050142&Signature=NnjUry6d4ZbmMGlHnquS1G2A9jI%3D,無属性,,,,,無,https://s3.ap-northeast-1.amazonaws.com/staging.click-platform.dbfile/user34252/2024/06/21/2b3a66f0edb.png?AWSAccessKeyId=AKIA3JCH5IRY54KVZTMW&Expires=2034320477&Signature=j2wnwHqG0Orr854GvnrS%2FjHQcig%3D,https://s3.ap-northeast-1.amazonaws.com/staging.click-platform.dbfile/user34252/2024/06/26/b4adee64fc1.png?AWSAccessKeyId=AKIA3JCH5IRY54KVZTMW&Expires=2034721484&Signature=IeF5iOtuV1alHvlbfuwafpy318k%3D,なし,白,なし,FALSE,FALSE,FALSE,,モンスターハンター：ワールド,,十六夜に揺らぐ鬼火,"砂漠,沼地","片手剣,狩猟笛,スラッシュアックス,ライトボウガン",2024/06/21 17:24:06,2025/10/17 17:35:43
jP1vT8rL,ジュラトドス,Jyuratodus,7,魚竜種,泥魚竜（どろぎょりゅう）,"通常種,次元変異",素材削減,なし,なし,なし,,,頭,頭,尻尾,,https://s3.ap-northeast-1.amazonaws.com/staging.click-platform.dbfile/user34252/2024/06/27/9b2507d8d07.png?AWSAccessKeyId=AKIA3JCH5IRY54KVZTMW&Expires=2034845030&Signature=8lEtkNQPEo%2BaHtTP4IU7RYESyIU%3D,雷,,,,,,,,,雷属性,https://s3.ap-northeast-1.amazonaws.com/staging.click-platform.dbfile/user34252/2024/06/27/507d8d0748f.png?AWSAccessKeyId=AKIA3JCH5IRY54KVZTMW&Expires=2034845063&Signature=YkVB%2BdPEowG8PPnN2MkeZMYFUhA%3D,水,,,,,水,https://s3.ap-northeast-1.amazonaws.com/staging.click-platform.dbfile/user34252/2024/06/21/817bd734100.png?AWSAccessKeyId=AKIA3JCH5IRY54KVZTMW&Expires=2034320232&Signature=sUJ1jlUXD3k9i7nWecOWgjmRvz8%3D,https://s3.ap-northeast-1.amazonaws.com/staging.click-platform.dbfile/user34252/2024/06/26/ab4adee64fc.png?AWSAccessKeyId=AKIA3JCH5IRY54KVZTMW&Expires=2034721442&Signature=A0RQLBUfnXp7nl6bsTzLEmyt5r0%3D,なし,青,なし,FALSE,FALSE,FALSE,,モンスターハンター：ワールド,",2025/08/25,2025/09/14,2025/09/18",,沼地,"片手剣,双剣,大剣,太刀,ハンマー,狩猟笛,ランス,ガンランス,スラッシュアックス,チャージアックス,操虫棍,ライトボウガン,ヘビィボウガン,弓",2024/06/21 17:22:18,2025/10/07 21:36:44
9vN2kX7m,トビカガチ,TobiKadachi,6,牙竜種,飛雷竜（ひらいりゅう）,"通常種,次元変異",素材削減,小,なし,なし,,,尻尾,なし,,,https://s3.ap-northeast-1.amazonaws.com/staging.click-platform.dbfile/user34252/2024/06/27/33d46d2cd2f.png?AWSAccessKeyId=AKIA3JCH5IRY54KVZTMW&Expires=2034833782&Signature=7aHlcyjPfnTsLiLEcymLqWNnXs8%3D,水,https://s3.ap-northeast-1.amazonaws.com/staging.click-platform.dbfile/user34252/2024/06/27/cd2f90ca772.png?AWSAccessKeyId=AKIA3JCH5IRY54KVZTMW&Expires=2034833803&Signature=O%2FqEAXf4y7VIc5znFzDhOu5LnZ8%3D,毒,,,,,,,水属性毒,https://s3.ap-northeast-1.amazonaws.com/staging.click-platform.dbfile/user34252/2024/06/27/c384972d049.png?AWSAccessKeyId=AKIA3JCH5IRY54KVZTMW&Expires=2034833983&Signature=ViNruavPRpotZMxz3xmd7qkxlqw%3D,雷,,,,,雷,https://s3.ap-northeast-1.amazonaws.com/staging.click-platform.dbfile/user34252/2024/06/21/3b350c4618d.png?AWSAccessKeyId=AKIA3JCH5IRY54KVZTMW&Expires=2034338726&Signature=KJlvkCwk3Hxj60Pf7lE2dYhYHT8%3D,https://s3.ap-northeast-1.amazonaws.com/staging.click-platform.dbfile/user34252/2024/06/26/4fd0d5ab4ad.png?AWSAccessKeyId=AKIA3JCH5IRY54KVZTMW&Expires=2034721395&Signature=RaOs2jBTGI3WYbiofV%2F9fuP0YWE%3D,なし,黄色,なし,FALSE,FALSE,FALSE,,モンスターハンター：ワールド,",,2025/08/04,2025/08/25,2025/09/01,2025/09/14,2025/09/18,2026/01/12",バゼルギウスに備えよう！雷属性強化クエスト春陽薙ぐソードテイル,"森林,沼地","片手剣,双剣,大剣,太刀,ハンマー,狩猟笛,ランス,ガンランス,スラッシュアックス,チャージアックス,操虫棍,ライトボウガン,ヘビィボウガン,弓",2024/06/21 17:21:56,2025/10/07 21:36:41
3hR9tP2s,ドスギルオス,GreatGirros,5,牙竜種,痺賊竜（ひぞくりゅう）,"通常種,次元変異,次元臨界",素材削減,なし,なし,なし,,,頭,頭,,,https://s3.ap-northeast-1.amazonaws.com/staging.click-platform.dbfile/user34252/2024/06/27/bca7a735cbe.png?AWSAccessKeyId=AKIA3JCH5IRY54KVZTMW&Expires=2034844700&Signature=T3vK2FAasiu4TghWIU20%2BwpBNCk%3D,水,https://s3.ap-northeast-1.amazonaws.com/staging.click-platform.dbfile/user34252/2024/06/27/22bca7a735c.png?AWSAccessKeyId=AKIA3JCH5IRY54KVZTMW&Expires=2034844688&Signature=iq6gOFiEL3nNaqi2lGAOejGbbig%3D,睡眠,,,,,,,水属性睡眠,https://s3.ap-northeast-1.amazonaws.com/staging.click-platform.dbfile/user34252/2025/10/17/2388b109b6d.png?AWSAccessKeyId=AKIA3JCH5IRY54KVZTMW&Expires=2076050147&Signature=TRfmYdFM72XTF%2BTOAwAo2E1TfNM%3D,麻痺,https://s3.ap-northeast-1.amazonaws.com/staging.click-platform.dbfile/user34252/2024/06/27/735cbea5d7a.png?AWSAccessKeyId=AKIA3JCH5IRY54KVZTMW&Expires=2034844720&Signature=fqDdOoXHevR9gDUF0FaF4wYg%2FgM%3D,,,,麻痺,https://s3.ap-northeast-1.amazonaws.com/staging.click-platform.dbfile/user34252/2024/06/21/27e817bd734.png?AWSAccessKeyId=AKIA3JCH5IRY54KVZTMW&Expires=2034320225&Signature=2usZWXu%2B0exXoDm%2BvoXTgRMJmQM%3D,https://s3.ap-northeast-1.amazonaws.com/staging.click-platform.dbfile/user34252/2024/06/26/5e0f4fd0d5a.png?AWSAccessKeyId=AKIA3JCH5IRY54KVZTMW&Expires=2034721338&Signature=XigULQ73rMFswWWwFvwFLUA2LgU%3D,なし,黄色,なし,FALSE,FALSE,FALSE,,モンスターハンター：ワールド,",,2025/06/30,2025/08/11,2025/09/08,2025/09/14,2025/09/18",十六夜に揺らぐ鬼火銀雪のランページ,"森林,沼地","片手剣,大剣,ハンマー,ガンランス,チャージアックス",2024/06/21 17:21:10,2025/10/17 17:35:48
kL4wT1qg,ボルボロス,Barroth,4,獣竜種,土砂竜（どしゃりゅう）,"通常種,次元変異",素材削減,小,なし,なし,,弱点は前脚か後ろ脚を狙い転倒させよう。泥を纏った箇所は硬いため、泥を剥がせる水属性の武器が有効となる。,尻尾,前脚,,,https://s3.ap-northeast-1.amazonaws.com/staging.click-platform.dbfile/user34252/2024/06/27/7ef8461ee28.png?AWSAccessKeyId=AKIA3JCH5IRY54KVZTMW&Expires=2034836858&Signature=xxyRWRb0DpFwlE7gvy7ZRjK5oeM%3D,火,https://s3.ap-northeast-1.amazonaws.com/staging.click-platform.dbfile/user34252/2024/06/27/f8461ee2812.png?AWSAccessKeyId=AKIA3JCH5IRY54KVZTMW&Expires=2034836866&Signature=EmFU32SBbZ%2Fi68FIKaueBrhCAbk%3D,毒,https://s3.ap-northeast-1.amazonaws.com/staging.click-platform.dbfile/user34252/2024/09/30/0639f5a0f5a.png?AWSAccessKeyId=AKIA3JCH5IRY54KVZTMW&Expires=2043064420&Signature=GKAvLGZF3EKXkJQPQa34mcYUrU0%3D,爆破,,,,,火属性毒爆破,https://s3.ap-northeast-1.amazonaws.com/staging.click-platform.dbfile/user34252/2024/06/27/1ee281266c3.png?AWSAccessKeyId=AKIA3JCH5IRY54KVZTMW&Expires=2034836887&Signature=RVTXq8sPY1JnkBcr%2FESBwW%2FSU80%3D,水,,,,,水,https://s3.ap-northeast-1.amazonaws.com/staging.click-platform.dbfile/user34252/2024/06/21/433b350c461.png?AWSAccessKeyId=AKIA3JCH5IRY54KVZTMW&Expires=2034338716&Signature=fwEmGzv5xdVvzrcTz6kqgpIsn%2F4%3D,https://s3.ap-northeast-1.amazonaws.com/staging.click-platform.dbfile/user34252/2024/06/24/7259cdf02ba.png?AWSAccessKeyId=AKIA3JCH5IRY54KVZTMW&Expires=2034515556&Signature=KSTV2Nd7oZ001chQsAUSRzsZ77Y%3D,なし,白,なし,FALSE,FALSE,FALSE,,モンスターハンター3（トライ）,"2025/06/02,2025/07/21,2025/09/14,2025/09/18",,"砂漠,沼地","片手剣,大剣,ハンマー,狩猟笛,ランス,ガンランス,スラッシュアックス,ライトボウガン",2024/06/21 17:20:42,2025/10/07 21:33:47
B2mR9s7y,プケプケ,PukeiPukei,3,鳥竜種,毒妖鳥（どくようちょう）,通常種,素材削減,小,小,なし,,,尻尾（切断のみ）,頭,,,https://s3.ap-northeast-1.amazonaws.com/staging.click-platform.dbfile/user34252/2024/06/27/078989c6d25.png?AWSAccessKeyId=AKIA3JCH5IRY54KVZTMW&Expires=2034836363&Signature=NKYx4F4xecBe5jWb0w3Amjdcrg4%3D,雷,https://s3.ap-northeast-1.amazonaws.com/staging.click-platform.dbfile/user34252/2024/06/27/7e1f1d9ea31.png?AWSAccessKeyId=AKIA3JCH5IRY54KVZTMW&Expires=2034836429&Signature=FM4%2Fepsb4m7Gp0EyRxE%2FDUAvDiQ%3D,睡眠,,,,,,,雷属性睡眠,https://s3.ap-northeast-1.amazonaws.com/staging.click-platform.dbfile/user34252/2024/06/27/1f1d9ea319f.png?AWSAccessKeyId=AKIA3JCH5IRY54KVZTMW&Expires=2034836472&Signature=dZSp1CxcGwTr0wL0el8vZGpvZko%3D,毒,,,,,毒,https://s3.ap-northeast-1.amazonaws.com/staging.click-platform.dbfile/user34252/2024/06/21/0c4618ddc35.png?AWSAccessKeyId=AKIA3JCH5IRY54KVZTMW&Expires=2034338735&Signature=d9WF6ZQFzKr0P9WVLtIZblMVHsA%3D,https://s3.ap-northeast-1.amazonaws.com/staging.click-platform.dbfile/user34252/2024/06/24/19bd771aa7b.png?AWSAccessKeyId=AKIA3JCH5IRY54KVZTMW&Expires=2034514972&Signature=hmAQOQhJYv4yZfLA9HrTeVyifKY%3D,なし,青,なし,FALSE,FALSE,FALSE,,モンスターハンター：ワールド,",,2025/07/14",十六夜に揺らぐ鬼火,"森林,砂漠,沼地","片手剣,大剣,ハンマー,狩猟笛,ランス,スラッシュアックス,操虫棍,ヘビィボウガン,弓",2024/06/21 17:18:45,2025/11/07 16:29:51
X5yZ1k4m,クルルヤック,KuluYaKu,2,鳥竜種,掻鳥（そうちょう）,通常種,素材削減,なし,なし,なし,,,頭,前脚,頭,,https://s3.ap-northeast-1.amazonaws.com/staging.click-platform.dbfile/user34252/2024/06/22/9162994b50d.png?AWSAccessKeyId=AKIA3JCH5IRY54KVZTMW&Expires=2034342352&Signature=2suBqpp1ag9IbzZZSFLAoewFPm0%3D,水,,,,,,,,,水属性,https://s3.ap-northeast-1.amazonaws.com/staging.click-platform.dbfile/user34252/2025/10/17/109b6d982dd.png?AWSAccessKeyId=AKIA3JCH5IRY54KVZTMW&Expires=2076050153&Signature=SoboTrStE7Xl4nMJeFDC2axAV4c%3D,無属性,,,,,無,https://s3.ap-northeast-1.amazonaws.com/staging.click-platform.dbfile/user34252/2024/06/21/62c5d15c41d.png?AWSAccessKeyId=AKIA3JCH5IRY54KVZTMW&Expires=2034315952&Signature=3%2FDXZoj07v%2BhK5VALaoCgHDmv%2FM%3D,https://s3.ap-northeast-1.amazonaws.com/staging.click-platform.dbfile/user34252/2024/06/21/dd5c99af426.png?AWSAccessKeyId=AKIA3JCH5IRY54KVZTMW&Expires=2034340709&Signature=cd8Uz3f74O5ZVe8DUupOyhaieu0%3D,なし,白,なし,FALSE,FALSE,FALSE,,モンスターハンター：ワールド,,,"森林,砂漠,沼地","双剣,太刀,ハンマー,狩猟笛,ランス,操虫棍,弓",2024/06/21 16:45:54,2025/10/17 17:35:54
D7mS2n9w,ドスジャグラス,GreatJagras,1,牙竜種,賊竜（ぞくりゅう）,通常種,素材削減,なし,なし,なし,,,前脚,頭,腹,,https://s3.ap-northeast-1.amazonaws.com/staging.click-platform.dbfile/user34252/2024/06/22/e39162994b5.png?AWSAccessKeyId=AKIA3JCH5IRY54KVZTMW&Expires=2034342331&Signature=JGqx7sMZSW8cUjARcPxhZ%2BMU7j0%3D,火,https://s3.ap-northeast-1.amazonaws.com/staging.click-platform.dbfile/user34252/2024/06/22/39162994b50.png?AWSAccessKeyId=AKIA3JCH5IRY54KVZTMW&Expires=2034342336&Signature=lJKQaACSrDDrqCuq3r9AxGXKmA0%3D,毒,https://s3.ap-northeast-1.amazonaws.com/staging.click-platform.dbfile/user34252/2024/06/26/189ade79e34.jpg?AWSAccessKeyId=AKIA3JCH5IRY54KVZTMW&Expires=2034719795&Signature=m7Z4rxsRBINq%2FWHvhAXl29d9DQc%3D,睡眠,https://s3.ap-northeast-1.amazonaws.com/staging.click-platform.dbfile/user34252/2024/09/30/72da7995ea0.png?AWSAccessKeyId=AKIA3JCH5IRY54KVZTMW&Expires=2043064375&Signature=y%2B179FQ0H%2FFf33k05iAm%2Fm9UTp4%3D,爆破,,,火属性毒睡眠爆破,https://s3.ap-northeast-1.amazonaws.com/staging.click-platform.dbfile/user34252/2025/10/17/982dd116a98.png?AWSAccessKeyId=AKIA3JCH5IRY54KVZTMW&Expires=2076050159&Signature=BGvTv3zO4KCGOwhUYaP77kf3VGA%3D,無属性,,,,,無,https://s3.ap-northeast-1.amazonaws.com/staging.click-platform.dbfile/user34252/2024/06/21/d3912f62c5d.png?AWSAccessKeyId=AKIA3JCH5IRY54KVZTMW&Expires=2034315894&Signature=DvfLP5Kh6KNnRxS%2F%2FjH3huNZfY4%3D,https://s3.ap-northeast-1.amazonaws.com/staging.click-platform.dbfile/user34252/2024/06/21/b4443da1e93.png?AWSAccessKeyId=AKIA3JCH5IRY54KVZTMW&Expires=2034340455&Signature=9DogQfqKZBLbmg41NNnrIbEOtEA%3D,なし,青,なし,FALSE,FALSE,FALSE,,モンスターハンター：ワールド,,,"森林,砂漠,沼地","片手剣,大剣,ガンランス,スラッシュアックス,チャージアックス,ライトボウガン,ヘビィボウガン",2024/06/21 16:43:47,2025/10/17 17:36:00