WeaponID,No.,Name,カテゴリー,属性,攻撃力,攻撃力10-5,属性値,属性値10-5,会心率,装備スキル①,装備スキル①Lv,画像,装備スキル②,装備スキル②Lv,モンスター,画像ファイルネーム,s3Url,補足,CreatedAt,UpdatedAt
iGB10fhE,10001,スティールナイフ5,片手剣,無属性,1596,1912,0,0,0,毒耐性,2,,,,なし,,https://monchan-db.s3.ap-northeast-1.amazonaws.com/100xx/%E3%82%B9%E3%83%86%E3%82%A3%E3%83%BC%E3%83%AB%E3%83%8A%E3%82%A4%E3%83%95.png,,2024/07/04 11:50:51,2024/12/06 23:13:26
afNx7jhJ,10002,ジャグラスガロテ5,片手剣,水属性,1373,1644,607,754,0,体力増強,2,,,,ドスジャグラス,,https://monchan-db.s3.ap-northeast-1.amazonaws.com/100xx/%E3%82%B8%E3%83%A3%E3%82%B0%E3%83%A9%E3%82%B9%E3%82%AC%E3%83%AD%E3%83%86.png,,2024/07/03 15:44:22,2024/10/22 11:11:49
hEFfHhWf,10003,ダチュラブロッサム5,片手剣,毒,1596,1912,400,417,0,闇討ち,1,,,,プケプケ,,https://monchan-db.s3.ap-northeast-1.amazonaws.com/100xx/%E3%83%80%E3%83%81%E3%83%A5%E3%83%A9%E3%83%96%E3%83%AD%E3%83%83%E3%82%B5%E3%83%A0.png,,2024/07/04 11:46:22,2024/10/22 11:16:07
hlfczGgW,10004,ラグーナブロッサム6,片手剣,水属性,1221,1463,1142,1420,0,耳栓,1,,,,プケプケ亜種,ラグーナブロッサム.png,https://monchan-db.s3.ap-northeast-1.amazonaws.com/100xx/%E3%83%A9%E3%82%B0%E3%83%BC%E3%83%8A%E3%83%96%E3%83%AD%E3%83%83%E3%82%B5%E3%83%A0.png,,2024/07/03 16:52:32,2024/10/22 11:16:23
CwrqEzTw,10005,ボルボクラブ5,片手剣,無属性,1756,2103,0,0,0,防御,2,,,,ボルボロス,,https://monchan-db.s3.ap-northeast-1.amazonaws.com/100xx/%E3%83%9C%E3%83%AB%E3%83%9C%E3%82%AF%E3%83%A9%E3%83%96.png,,2024/07/07 0:07:35,2024/10/22 11:22:26
d82z5XdI,10006,マラドタバール5,片手剣,麻痺,1596,1912,400,417,0,闇討ち,1,,,,ドスギルオス,ギルオスナイフ.png,https://monchan-db.s3.ap-northeast-1.amazonaws.com/100xx/%E3%83%9E%E3%83%A9%E3%83%89%E3%82%BF%E3%83%90%E3%83%BC%E3%83%AB.png,,2024/07/04 11:45:27,2024/10/22 11:24:41
oTQjvy8m,10007,ライトニングバトラー5,片手剣,雷属性,1293,1549,910,1131,0,回避距離UP,1,,,,トビカガチ,,https://monchan-db.s3.ap-northeast-1.amazonaws.com/100xx/%E3%83%A9%E3%82%A4%E3%83%88%E3%83%8B%E3%83%B3%E3%82%B0%E3%83%90%E3%83%88%E3%83%A9%E3%83%BC5.png,,2024/07/03 17:13:19,2024/10/22 15:20:33
rFfmtVdD,10008,ウルムータバール5,片手剣,無属性,1764,2113,0,0,0,精霊の加護,2,,,,パオウルムー,ウルムーナイフ.png,https://monchan-db.s3.ap-northeast-1.amazonaws.com/100xx/%E3%82%A6%E3%83%AB%E3%83%A0%E3%83%BC%E3%82%BF%E3%83%90%E3%83%BC%E3%83%AB.png,,2024/07/07 0:08:39,2024/10/22 15:20:57
HXg9LvYc,10009,ニュクスタバール6,片手剣,睡眠,1756,2103,300,312,0,闇討ち,1,,,,パオウルムー亜種,,https://monchan-db.s3.ap-northeast-1.amazonaws.com/100xx/%E3%83%8B%E3%83%A5%E3%82%AF%E3%82%B9%E3%82%BF%E3%83%90%E3%83%BC%E3%83%AB.png,,2024/10/09 10:10:15,2024/10/22 15:21:59
X8uxghfg,10010,フラッドウェイブ5,片手剣,水属性,1293,1549,910,1131,0,背水防御,1,,,,ジュラトドス,,https://monchan-db.s3.ap-northeast-1.amazonaws.com/100xx/%E3%83%95%E3%83%A9%E3%83%83%E3%83%89%E3%82%A6%E3%82%A7%E3%82%A4%E3%83%96.png,,2024/07/03 17:09:23,2024/10/22 15:24:55
XF7CtIV2,10011,フラムエルシーカ5,片手剣,火属性,1293,1549,910,1131,0,尻上がり,1,,,,アンジャナフ,,https://monchan-db.s3.ap-northeast-1.amazonaws.com/100xx/%E3%83%95%E3%83%A9%E3%83%A0%E3%82%A8%E3%83%AB%E3%82%B7%E3%83%BC%E3%82%AB.png,,2024/07/03 14:27:50,2024/10/22 15:26:44
iLTN9EQv,10012,雷顎剣ドネルシーカ改5,片手剣,雷属性,1197,1434,1154,1434,20,会心撃【属性】,1,,,,アンジャナフ亜種,雷顎剣ドネルシーカ.png,,,,
xXnvlO88,10013,クイーンレイピア5,片手剣,毒,1516,1817,496,516,0,体力増強,2,,,,リオレイア,,https://monchan-db.s3.ap-northeast-1.amazonaws.com/100xx/%E3%82%AF%E3%82%A4%E3%83%BC%E3%83%B3%E3%83%AC%E3%82%A4%E3%83%94%E3%82%A2.png,,2024/07/18 0:09:36,2024/10/22 15:27:21
NI65WO51,10014,ルナティックローズ5,片手剣,毒,1675,2103,399,312,30,追い打ち【毒】,2,,,,リオレイア希少種,,https://monchan-db.s3.ap-northeast-1.amazonaws.com/100xx/%E3%83%AB%E3%83%8A%E3%83%86%E3%82%A3%E3%83%83%E3%82%AF%E3%83%AD%E3%83%BC%E3%82%BA.png,,2024/10/13 23:34:42,2024/10/22 15:28:26
szD5f2wd,10015,ロイヤルローズ5,片手剣,毒,1756,2007,300,416,0,回避距離UP,1,,,,リオレイア亜種,,https://monchan-db.s3.ap-northeast-1.amazonaws.com/100xx/%E3%83%AD%E3%82%A4%E3%83%A4%E3%83%AB%E3%83%AD%E3%83%BC%E3%82%BA.png,,2024/07/18 0:10:58,2024/10/22 15:27:57
orHwQzR1,10016,トリアングラー5,片手剣,氷属性,1221,1463,1142,1420,0,精霊の加護,2,,,,レイギエナ,,https://monchan-db.s3.ap-northeast-1.amazonaws.com/100xx/%E3%83%88%E3%83%AA%E3%82%A2%E3%83%B3%E3%82%B0%E3%83%A9%E3%83%BC.png,,2024/07/03 17:37:00,2024/10/22 15:29:18
RwlW3xuu,10017,クギバット5,片手剣,無属性,1979,2371,0,0,0,火事場力,1,,,,ディアブロス,,,,,
uaDDdE1K,10018,ヒートエッジ5,片手剣,火属性,1221,1463,1141,1420,0,耳栓,1,,,,リオレウス,,https://monchan-db.s3.ap-northeast-1.amazonaws.com/100xx/%E3%83%92%E3%83%BC%E3%83%88%E3%82%A8%E3%83%83%E3%82%B8.png,,2024/07/03 14:49:54,2024/10/22 15:29:37
LLKyndPb,10019,ブルーコロナ6,片手剣,火属性,1682,2015,605,752,0,SPスキル威力アップ,1,,,,リオレウス亜種,,https://monchan-db.s3.ap-northeast-1.amazonaws.com/100xx/%E3%83%96%E3%83%AB%E3%83%BC%E3%82%B3%E3%83%AD%E3%83%8A.png,,2024/07/03 14:51:01,2024/10/22 15:30:01
kMRdH1pX,10020,プラチナムドーン5,片手剣,火属性,1258,1507,1082,1345,30,会心撃【属性】,2,,,,リオレウス希少種,,https://monchan-db.s3.ap-northeast-1.amazonaws.com/100xx/%E3%83%97%E3%83%A9%E3%83%81%E3%83%8A%E3%83%A0%E3%83%89%E3%83%BC%E3%83%B3.png,,2024/10/13 21:57:58,2024/10/22 15:30:38
fQzLvxa1,10021,バルキンガロテ5,片手剣,睡眠,1596,1912,400,417,0,防御,2,,,,ラドバルキン,,https://monchan-db.s3.ap-northeast-1.amazonaws.com/100xx/%E3%83%90%E3%83%AB%E3%82%AD%E3%83%B3%E3%82%AC%E3%83%AD%E3%83%86.png,,2024/07/04 11:49:56,2024/10/22 15:32:25
BMtKDXMM,10022,アイシクルスパイク改5,片手剣,氷属性,1191,1426,910,1131,20,回避距離UP,1,,,,ベリオロス,,https://monchan-db.s3.ap-northeast-1.amazonaws.com/100xx/%E3%82%A2%E3%82%A4%E3%82%B7%E3%82%AF%E3%83%AB%E3%82%B9%E3%83%91%E3%82%A4%E3%82%AF%E6%94%B9.png,,2024/07/03 17:38:00,2024/10/22 15:32:40
dyJKR9Qy,10023,王牙剣【折電】1,片手剣,雷属性,1221,1463,1142,1420,0,ジャスト回避強化,1,,,,ジンオウガ,王剣シツライ.png,https://monchan-db.s3.ap-northeast-1.amazonaws.com/100xx/%E7%8E%8B%E7%89%99%E5%89%A3%E3%80%90%E6%8A%98%E9%9B%B7%E3%80%91.png,,2024/07/03 17:16:57,2024/10/22 15:43:03
UMsrLPmP,10024,フェイタルヴァイト5,片手剣,龍属性,1318,1579,1261,1568,-30,軽巧,2,,,,イビルジョー,,https://monchan-db.s3.ap-northeast-1.amazonaws.com/100xx/%E3%83%95%E3%82%A7%E3%82%A4%E3%82%BF%E3%83%AB%E3%83%B4%E3%82%A1%E3%82%A4%E3%83%88.png,,2024/07/03 18:26:02,2024/10/22 15:47:15
vE8GaAxQ,10025,ペインフルレイザー5,片手剣,雷属性,1194,1429,913,1134,20,フルチャージ,1,,,,フルフル,,https://monchan-db.s3.ap-northeast-1.amazonaws.com/100xx/%E3%83%9A%E3%82%A4%E3%83%B3%E3%83%95%E3%83%AB%E3%83%AC%E3%82%A4%E3%82%B6%E3%83%BC5.png,,2024/07/03 17:23:23,2024/10/22 15:47:35
JMq2Ymvs,10026,エストレモ=ダオラ5,片手剣,氷属性,1553,1861,974,1210,0,狩人の結束,1,,風圧耐性,2,クシャルダオラ,エストレモ＝ダオラ.png,https://monchan-db.s3.ap-northeast-1.amazonaws.com/100xx/%E3%82%A8%E3%82%B9%E3%83%88%E3%83%AC%E3%83%A2%3D%E3%83%80%E3%82%AA%E3%83%A9.png,,2024/07/03 17:41:04,2024/10/22 15:47:54
mI2JbvEf,10027,くれなゐの色扇の薄重5,片手剣,水属性,1138,1363,1156,1436,20,ジャスト回避強化,1,,,,タマミツネ,狐扇ハナノナゴリヲ.png,https://monchan-db.s3.ap-northeast-1.amazonaws.com/100xx/%E3%81%8F%E3%82%8C%E3%81%AA%E3%82%90%E3%81%AE%E8%89%B2%E6%89%87%E3%81%AE%E8%96%84%E9%87%8D.png,,2024/07/18 9:16:27,2024/10/22 15:48:13
A78DxWOq,10028,テオ=エンブレム5,片手剣,爆破,1684,2017,502,522,0,狩人の結束,1,,火事場力,2,テオ・テスカトル,テオ＝エンブレム.png,https://monchan-db.s3.ap-northeast-1.amazonaws.com/100xx/%E3%83%86%E3%82%AA%3D%E3%82%A8%E3%83%B3%E3%83%96%E3%83%AC%E3%83%A0.png,,2024/08/19 18:34:35,2024/10/22 15:49:13
J9tCOKxH,10029,禍ツ剣ノ幽鬼アフティ5,片手剣,爆破,1516,1817,496,516,0,破壊王,1,,,,マガイマガド,禍ツ剣【封】.png,https://monchan-db.s3.ap-northeast-1.amazonaws.com/100xx/%E7%A6%8D%E3%83%84%E5%89%A3%E3%83%8E%E5%B9%BD%E9%AC%BC%E3%82%A2%E3%83%95%E3%83%86%E3%82%A3.png,,2024/10/05 0:34:10,2024/10/22 15:50:23
JPgobRS4,10030,金獣棍【禁忌】5,片手剣,雷属性,1318,1579,1261,1568,-30,KO術,2,,,,ラージャン,金獣棍.png,https://monchan-db.s3.ap-northeast-1.amazonaws.com/100xx/%E9%87%91%E7%8D%A3%E6%A3%8D%E3%80%90%E7%A6%81%E5%BF%8C%E3%80%91.png,,2024/10/05 0:35:49,2024/10/22 15:50:35
pnxLFFWH,10031,討滅の尖兵5,片手剣,龍属性,1553,1861,974,1210,0,狩人の結束,1,,破壊王,2,ネルギガンテ,討滅の尖兵.png,https://monchan-db.s3.ap-northeast-1.amazonaws.com/100xx/%E8%A8%8E%E6%BB%85%E3%81%AE%E5%B0%96%E5%85%B5.png,,2024/10/13 23:32:46,2024/10/22 15:51:23
V59nSmPY,10032,レックスクロウ改5,片手剣,無属性,2198,2633,0,0,-40,凶会心,1,,,,ティガレックス,レックスクロウ.png,https://monchan-db.s3.ap-northeast-1.amazonaws.com/100xx/%E3%83%AC%E3%83%83%E3%82%AF%E3%82%B9%E3%82%AF%E3%83%AD%E3%82%A6%E6%94%B9.png,,,
Prfa1bBw,10033,吼剣【地咬】5,片手剣,無属性,2198,2633,0,0,-10,ジャスト巧撃,1,,,,ティガレックス亜種,,,,,
QouwkNjX,10034,雷刃5,片手剣,雷属性,1205,1444,1305,1622,0,狩人の結束,1,,力の解放,1,キリン,,https://monchan-db.s3.ap-northeast-1.amazonaws.com/100xx/%E9%9B%B7%E5%88%83.png,,,
LxuQi8K2,10035,纏剣カータトルァ5,片手剣,無属性,1834,2197,0,0,10,防御の備え,1,,,,チャタカブラ,チャタクラブ.png,https://monchan-db.s3.ap-northeast-1.amazonaws.com/100xx/%E7%BA%8F%E5%89%A3%E3%82%AB%E3%83%BC%E3%82%BF%E3%83%88%E3%83%AB%E3%82%A1.png,,,
qFdcdXBP,10036,ディノバトラー6,片手剣,火属性,1318,1579,1261,1568,-30,凶会心,1,,,,ディノバルド,ディノバトラー.png,https://monchan-db.s3.ap-northeast-1.amazonaws.com/100xx/%E3%83%87%E3%82%A3%E3%83%8E%E3%83%90%E3%83%88%E3%83%A9%E3%83%BC.png,,,
TcxrlwsY,10037,ダーティーファニング5,片手剣,毒,1647,1973,307,319,10,ロックオン,1,,,,ドスフロギィ,,https://monchan-db.s3.ap-northeast-1.amazonaws.com/100xx/%E3%83%80%E3%83%BC%E3%83%86%E3%82%A3%E3%83%BC%E3%83%95%E3%82%A1%E3%83%8B%E3%83%B3%E3%82%B0.png,,,
hajhA6dS,10038,大天具・伏剣フドウ5,片手剣,無属性,1764,2113,0,0,0,グループハント強化【攻撃】,2,,,,ビシュテンゴ,天具・調伏の剣.png,https://monchan-db.s3.ap-northeast-1.amazonaws.com/100xx/%E5%A4%A7%E5%A4%A9%E5%85%B7%E3%83%BB%E4%BC%8F%E5%89%A3%E3%83%95%E3%83%89%E3%82%A6.png,,,
icNO8q0k,10039,ヒドゥンエッジ改5,片手剣,無属性,1738,2082,0,0,40,死中に活,2,,,,ナルガクルガ,,https://monchan-db.s3.ap-northeast-1.amazonaws.com/100xx/%E3%83%92%E3%83%89%E3%82%A5%E3%83%B3%E3%82%A8%E3%83%83%E3%82%B8%E6%94%B9.png,,,
BzXd20Da,10040,ヒュドロスディスク5,片手剣,水属性,1328,1591,1074,1335,20,狩人の結束,1,,弱点特効,1,ネロミェール,ヒュドロスディスク.png,https://monchan-db.s3.ap-northeast-1.amazonaws.com/100xx/%E3%83%92%E3%83%A5%E3%83%89%E3%83%AD%E3%82%B9%E3%83%87%E3%82%A3%E3%82%B9%E3%82%AF.png,,,
lXJz7O8j,10041,ゴルム・ソード改5,片手剣,無属性,1979,2371,0,0,0,果敢,1,,,,ガランゴルム,ゴルム・ソード.png,,,,
owOMPgth,10042,冷たき月の手斧改5,片手剣,氷属性,1020,1222,1173,1458,0,ハイチャージ【氷】,1,,,,ルナガロン,冷たき月の手斧.png,,,,
xF6PvdYc,10043,ローゼンメッサー改5,片手剣,火属性,1197,1434,1154,1434,20,破壊王【SPスキル】,2,,,,エスピナス,ローゼンメッサー.png,,,,
TxZZAWAW,10044,血宴のケルツィエ5,片手剣,龍属性,1205,1444,1305,1622,0,狩人の結束,1,,ハイチャージ【龍】,1,メル・ゼナ,,,,,
A6u6G6wA,10045,炎尾剣フォルナクス5,片手剣,火属性,1020,1222,1173,1458,0,勇猛,1,,,,ケマトリス,ケマスクチーロ.png,,,,
FSedybkN,10046,ゴシャガザクゥ5,片手剣,氷属性,1311,1570,1200,1492,-30,凶会心,1,,,,ゴシャハギ,ゴシャザクゥ.png,,,,
PVuoVrmr,10047,サルガナスレイピア改5,片手剣,雷属性,1138,1363,1156,1436,20,雷属性攻撃強化,1,,,,ライゼクス,,,,,
oC0xj6bL,10048,ナーブアルファルド改５,片手剣,無属性,2335,2335,0,0,30,攻撃活性,1,,,,セルレギオス,,,,,
ikUcYzpH,10049,カーニバル2024ソード7,片手剣,爆破,1623,,313,,0,防御,2,,,,なし,,https://monchan-db.s3.ap-northeast-1.amazonaws.com/100xx/%E3%82%AB%E3%83%BC%E3%83%8B%E3%83%90%E3%83%AB2024%E3%82%BD%E3%83%BC%E3%83%89.png,,2024/10/13 23:36:33,2024/10/22 15:51:34
Xpy0zoOu,10050,チーフククリ5,片手剣,無属性,1596,1912,0,0,0,SPゲージ加速,1,,,,なし,,https://monchan-db.s3.ap-northeast-1.amazonaws.com/100xx/%E3%83%81%E3%83%BC%E3%83%95%E3%82%AF%E3%82%AF%E3%83%AA.png,,2024/07/07 0:09:55,2024/10/22 15:52:06
mE6hBVAA,10051,MrBeast8,片手剣,無属性,1821,,0,,30,MrBeastチャレンジ！,1,,,,なし,,https://monchan-db.s3.ap-northeast-1.amazonaws.com/100xx/MrBeast.png,,2024/07/28 20:43:02,2024/10/22 15:52:16
tJnxh9wH,10052,エスペラソード5,片手剣,無属性,1878,,0,,0,ロックオン,1,,,,なし,,https://monchan-db.s3.ap-northeast-1.amazonaws.com/100xx/%E3%82%A8%E3%82%B9%E3%83%9A%E3%83%A9%E3%82%BD%E3%83%BC%E3%83%89.png,,,
EF9IFxxc,20001,デュエルツインダガー5,双剣,無属性,1596,,0,,0,毒耐性,2,,,,なし,,https://monchan-db.s3.ap-northeast-1.amazonaws.com/200xx/%E3%83%87%E3%83%A5%E3%82%A8%E3%83%AB%E3%83%84%E3%82%A4%E3%83%B3%E3%83%80%E3%82%AC%E3%83%BC.png,,2024/07/30 0:24:16,2024/10/22 11:25:11
ZjOdmBlf,20002,アルカナリア5,双剣,無属性,1596,,0,,30,不屈,2,,,,クルルヤック,,https://monchan-db.s3.ap-northeast-1.amazonaws.com/200xx/%E3%82%A2%E3%83%AB%E3%82%AB%E3%83%8A%E3%83%AA%E3%82%A2.png,,2024/07/30 0:26:46,2024/08/01 9:49:51
D8jwNGsH,20003,カガチノツメ5,双剣,雷属性,1293,,910,,0,回避距離UP,1,,,,トビカガチ,,https://monchan-db.s3.ap-northeast-1.amazonaws.com/200xx/%E3%82%AB%E3%82%AC%E3%83%81%E3%83%8E%E3%83%84%E3%83%A1.png,,2024/07/30 0:28:04,2024/08/01 9:53:07
o0nJOI7f,20004,シュラムハチェット5,双剣,水属性,1293,,910,,0,背水防御,1,,,,ジュラトドス,,https://monchan-db.s3.ap-northeast-1.amazonaws.com/200xx/%E3%82%B7%E3%83%A5%E3%83%A9%E3%83%A0%E3%83%8F%E3%83%81%E3%82%A7%E3%83%83%E3%83%88.png,,2024/07/30 0:33:33,2024/08/01 9:54:03
xUuTSwOm,20005,ジャナフサイクロン5,双剣,火属性,1293,,910,,0,尻上がり,1,,,,アンジャナフ,,https://monchan-db.s3.ap-northeast-1.amazonaws.com/200xx/%E3%82%B8%E3%83%A3%E3%83%8A%E3%83%95%E3%82%B5%E3%82%A4%E3%82%AF%E3%83%AD%E3%83%B3.png,,2024/07/30 10:44:28,2024/08/01 9:55:55
Bq6DC39P,20006,トルネ=ジャナール6,双剣,雷属性,1197,,1154,,20,会心撃【属性】,1,,,,アンジャナフ亜種,,,,,
GylJnaXX,20007,フリーズチェーン5,双剣,氷属性,1221,,1142,,0,精霊の加護,2,,,,レイギエナ,,https://monchan-db.s3.ap-northeast-1.amazonaws.com/200xx/%E3%83%95%E3%83%AA%E3%83%BC%E3%82%BA%E3%83%81%E3%82%A7%E3%83%BC%E3%83%B3.png,,2024/07/30 10:45:28,2024/08/01 9:56:57
weJHjzCV,20008,ブロスクラブ5,双剣,無属性,1979,,0,,0,火事場力,1,,,,ディアブロス,,https://monchan-db.s3.ap-northeast-1.amazonaws.com/200xx/%E3%83%96%E3%83%AD%E3%82%B9%E3%82%AF%E3%83%A9%E3%83%96.png,,2024/07/30 10:46:27,2024/08/01 10:00:10
YgzoAcHx,20009,タナトスクラブ6,双剣,無属性,2218,,0,,-30,破壊王,1,,,,ディアブロス亜種,,https://monchan-db.s3.ap-northeast-1.amazonaws.com/200xx/%E3%82%BF%E3%83%8A%E3%83%88%E3%82%B9%E3%82%AF%E3%83%A9%E3%83%96.png,,2024/07/30 10:47:54,2024/08/01 10:00:38
CToZma5F,20010,ゲキリュウノツガイ5,双剣,火属性,1258,,1082,,30,会心撃【属性】,2,,追い打ち【毒】,1,リオレウス希少種,,https://monchan-db.s3.ap-northeast-1.amazonaws.com/200xx/%E3%82%B2%E3%82%AD%E3%83%AA%E3%83%A5%E3%82%A6%E3%83%8E%E3%83%84%E3%82%AC%E3%82%A4.png,,2024/10/14 10:17:32,2024/10/14 10:17:32
EhWKPtAa,20011,巨牛の大骨8,双剣,無属性,1764,,0,,0,体幹強化,2,,,,バフバロ,,https://monchan-db.s3.ap-northeast-1.amazonaws.com/200xx/%E5%B7%A8%E7%89%9B%E3%81%AE%E5%A4%A7%E9%AA%A8.png,,2024/07/30 10:50:35,2024/08/01 10:04:56
EplrCtDz,20012,ニヴルブリザード改5,双剣,氷属性,1191,,910,,20,回避距離UP,1,,,,ベリオロス,,https://monchan-db.s3.ap-northeast-1.amazonaws.com/200xx/%E3%83%8B%E3%83%B4%E3%83%AB%E3%83%96%E3%83%AA%E3%82%B6%E3%83%BC%E3%83%89%E6%94%B9.png,,2024/07/30 10:51:47,2024/07/30 10:53:40
KIXyKnMM,20013,王牙双刃【土雷】1,双剣,雷属性,1221,,1142,,0,ジャスト回避強化,1,,,,ジンオウガ,,https://monchan-db.s3.ap-northeast-1.amazonaws.com/200xx/%E7%8E%8B%E7%89%99%E5%8F%8C%E5%88%83%E3%80%90%E5%9C%9F%E9%9B%B7%E3%80%91.png,,2024/07/30 10:57:24,2024/08/01 10:08:18
jiCBqWPB,20014,デュエルデステリオ5,双剣,雷属性,1588,,632,,0,ロックオン,1,,,,ツィツィヤック,,https://monchan-db.s3.ap-northeast-1.amazonaws.com/200xx/%E3%83%87%E3%83%A5%E3%82%A8%E3%83%AB%E3%83%87%E3%82%B9%E3%83%86%E3%83%AA%E3%82%AA.png,,2024/07/30 10:58:28,2024/08/01 10:13:13
lhYCi3ur,20015,血吸いの鎖鎌5,双剣,無属性,1719,,0,,20,SPゲージ加速【ジャスト回避】,1,,,,オドガロン,,https://monchan-db.s3.ap-northeast-1.amazonaws.com/200xx/%E8%A1%80%E5%90%B8%E3%81%84%E3%81%AE%E9%8E%96%E9%8E%8C.png,,2024/07/30 10:59:50,2024/08/01 10:13:55
AltHmpD9,20016,死罪【デスロウ】5,双剣,龍属性,1138,,1156,,20,超会心,1,,,,オドガロン亜種,,,,,
RuTdYjdp,20017,ラースプレデター5,双剣,龍属性,1318,,1261,,-30,連撃,2,,,,イビルジョー,,https://monchan-db.s3.ap-northeast-1.amazonaws.com/200xx/%E3%83%A9%E3%83%BC%E3%82%B9%E3%83%97%E3%83%AC%E3%83%87%E3%82%BF%E3%83%BC.png,,2024/07/07 0:28:59,2024/07/30 22:42:29
pO5FhgLw,20018,傷刃フルスカード5,双剣,雷属性,1194,,913,,20,フルチャージ,1,,,,フルフル,,,,,
X54wHx9D,20019,ルプス＝ダオラ5,双剣,氷属性,1553,,974,,0,狩人の結束,1,,風圧耐性,2,クシャルダオラ,,https://monchan-db.s3.ap-northeast-1.amazonaws.com/200xx/%E3%83%AB%E3%83%97%E3%82%B9%EF%BC%9D%E3%83%80%E3%82%AA%E3%83%A9.png,,2024/07/30 11:08:41,2024/07/30 11:08:41
yoSWFF7O,20020,つるぎたち研刃の切耶5,双剣,水属性,1138,,1156,,20,ジャスト回避強化,1,,,,タマミツネ,,https://monchan-db.s3.ap-northeast-1.amazonaws.com/200xx/%E3%81%A4%E3%82%8B%E3%81%8E%E3%81%9F%E3%81%A1%E7%A0%94%E5%88%83%E3%81%AE%E5%88%87%E8%80%B6.png,,2024/07/30 11:10:19,2024/08/01 10:21:30
Fmricy36,20021,暁の双剣シルツァリ5,双剣,火属性,1588,,632,,0,ロックオン,1,,,,アケノシルム,,https://monchan-db.s3.ap-northeast-1.amazonaws.com/200xx/%E6%9A%81%E3%81%AE%E5%8F%8C%E5%89%A3%E3%82%B7%E3%83%AB%E3%83%84%E3%82%A1%E3%83%AA.png,,2024/10/09 10:15:37,2024/10/09 10:15:37
ubsiMcbH,20022,禍ツ刃ノ幽鬼イステヤ5,双剣,爆破,1516,,496,,0,破壊王,1,,,,マガイマガド,,https://monchan-db.s3.ap-northeast-1.amazonaws.com/200xx/%E7%A6%8D%E3%83%84%E5%88%83%E3%83%8E%E5%B9%BD%E9%AC%BC%E3%82%A4%E3%82%B9%E3%83%86%E3%83%A4.png,,2024/10/09 10:17:43,2024/10/18 10:01:19
ipyxuuFC,20023,闘神鬼【大嶽丸】5,双剣,雷属性,1318,,1261,,-30,強化持続,2,,,,ラージャン,,https://monchan-db.s3.ap-northeast-1.amazonaws.com/200xx/%E9%97%98%E7%A5%9E%E9%AC%BC%E3%80%90%E5%A4%A7%E5%B6%BD%E4%B8%B8%E3%80%91.png,,2024/10/09 10:19:42,2024/10/09 10:19:42
RJjIzjYY,20024,残滅の爪5,双剣,龍属性,1553,,974,,0,狩人の結束,1,,破壊王,2,ネルギガンテ,,https://monchan-db.s3.ap-northeast-1.amazonaws.com/200xx/%E6%AE%8B%E6%BB%85%E3%81%AE%E7%88%AA.png,,2024/10/14 10:24:13,2024/10/14 10:24:13
U8jD9prt,20025,スノウジェミニ5,双剣,氷属性,1588,,632,,0,ロックオン,1,,,,ウルクスス,,https://monchan-db.s3.ap-northeast-1.amazonaws.com/200xx/%E3%82%B9%E3%83%8E%E3%82%A6%E3%82%B8%E3%82%A7%E3%83%9F%E3%83%8B.png,,,
h7aE2Rg9,20026,夢幻のメロウクロウ5,双剣,睡眠,1567,,496,,-15,回避距離UP,1,,,,イソネミクニ,,https://monchan-db.s3.ap-northeast-1.amazonaws.com/200xx/%E5%A4%A2%E5%B9%BB%E3%81%AE%E3%83%A1%E3%83%AD%E3%82%A6%E3%82%AF%E3%83%AD%E3%82%A6.png,,,
HpUTEMCo,20027,レックスチェーン6,双剣,無属性,2198,,0,,-40,凶会心,1,,,,ティガレックス,,https://monchan-db.s3.ap-northeast-1.amazonaws.com/200xx/%E3%83%AC%E3%83%83%E3%82%AF%E3%82%B9%E3%83%81%E3%82%A7%E3%83%BC%E3%83%B3.png,,,
GJCX0vhf,20028,カーサスチェーン6,双剣,無属性,2198,,0,,-10,強化持続,3,,,,ティガレックス亜種,,,,,
ccufF2Yv,20029,迅雷5,双剣,雷属性,1205,,1305,,0,狩人の結束,1,,力の解放,1,キリン,,https://monchan-db.s3.ap-northeast-1.amazonaws.com/200xx/%E8%BF%85%E9%9B%B7.png,,,
H7zeGBHs,20030,青熊双鉞【足柄】5,双剣,無属性,1971,,0,,-20,SPスキル威力アップ,2,,,,アオアシラ,,,,,
OM8nOmpK,20031,爆鱗双斧バゼルホーク5,双剣,爆破,1942,,297,,-30,凶会心,1,,,,バゼルギウス,,,,,
cQy9YOqg,20032,灼炎のロガー改5,双剣,火属性,1318,,1261,,-30,凶会心,1,,,,ディノバルド,,,,,
WdnenORq,20033,双剣オオナズチ5,双剣,毒,1741,,505,,0,狩人の結束,1,,闇討ち【状態異常】,2,オオナズチ,,,,,
MQ2dE43u,20034,ザ・キッド5,双剣,毒,1647,,307,,10,ロックオン,1,,,,ドスフロギィ,,,,,
vQX3uIIW,20035,ブランハチェット7,双剣,氷属性,1293,,910,,0,勇猛,1,,,,ブラントドス,,,,,
dZgwodTI,20036,ヒドゥントマホーク6,双剣,無属性,1738,,0,,40,死中に活,2,,,,ナルガクルガ,,,,,
EScil44j,20037,冷たき月の朱爪改5,双剣,氷属性,1020,,1173,,0,ハイチャージ【氷】,1,,,,ルナガロン,,,,,
LmEpMI0v,20038,ゴルム・ゴレム改5,双剣,無属性,1979,,0,,0,果敢,1,,,,ガランゴルム,,,,,
krSZNQ05,20039,ローゼンツァーン改5,双剣,火属性,1197,,1154,,20,破壊王【SPスキル】,2,,,,エスピナス,,,,,
P3LSuSxn,20040,血爪のヴンデ5,双剣,龍属性,1205,,1305,,0,狩人の結束,1,,ハイチャージ【龍】,1,メル・ゼナ,,,,,
ge6oSQ6Q,20041,炎尾双刃マグネシア5,双剣,火属性,1020,,1173,,0,勇猛,1,,,,ケマトリス,,,,,
pnXWoMm2,20042,双光刃ココウノリュウ改5,双剣,雷属性,1138,,1156,,20,雷属性攻撃強化,1,,,,ライゼクス,,,,,
uQecKz7Z,20043,カーニバル2024ダガー7,双剣,爆破,1623,,313,,0,防御,2,,,,なし,,https://monchan-db.s3.ap-northeast-1.amazonaws.com/200xx/%E3%82%AB%E3%83%BC%E3%83%8B%E3%83%90%E3%83%AB2024%E3%83%80%E3%82%AC%E3%83%BC.png,,2024/10/14 10:27:09,2024/10/14 10:27:09
VbAucZQ5,20044,ワイルドハチェット5,双剣,無属性,1596,,0,,0,SPゲージ加速,1,,,,なし,,https://monchan-db.s3.ap-northeast-1.amazonaws.com/200xx/%E3%83%AF%E3%82%A4%E3%83%AB%E3%83%89%E3%83%8F%E3%83%81%E3%82%A7%E3%83%83%E3%83%88.png,,2024/07/30 11:11:15,2024/08/01 10:22:04
eWZ61j4S,20045,招福の竜扇6,双剣,龍属性,1293,,910,,0,精霊の加護,2,,,,なし,,https://monchan-db.s3.ap-northeast-1.amazonaws.com/200xx/%E6%8B%9B%E7%A6%8F%E3%81%AE%E7%AB%9C%E6%89%87.png,※生産・強化に必要な枚数：20枚,2024/07/07 0:30:00,2024/07/30 11:15:32
M6c4Xz5Q,20046,エスペラダガー5,双剣,無属性,1878,,0,,0,ロックオン,1,,,,なし,,,,,
nKTWZIUf,20047,ツインリース8,双剣,麻痺,1588,,496,,0,回避距離UP,3,,団結力【ゆく年狩る年冬祭り】,1,なし,,,,,
lgzoQ6X5,30001,バスターブレイド5,大剣,無属性,1596,,0,,0,毒耐性,2,,,,なし,,https://monchan-db.s3.ap-northeast-1.amazonaws.com/300xx/%E3%83%90%E3%82%B9%E3%82%BF%E3%83%BC%E3%83%96%E3%83%AC%E3%82%A4%E3%83%89.png,,2024/07/30 11:29:36,2024/10/22 11:28:08
feNihVvU,30002,ジャグラスハッカー5,大剣,水属性,1373,,607,,0,体力増強,2,,,,ドスジャグラス,,https://monchan-db.s3.ap-northeast-1.amazonaws.com/300xx/%E3%82%B8%E3%83%A3%E3%82%B0%E3%83%A9%E3%82%B9%E3%83%8F%E3%83%83%E3%82%AB%E3%83%BC.png,,2024/07/30 11:32:50,2024/10/22 11:29:13
RyezMdFv,30003,ダチュラブレイズ5,大剣,毒,1596,,400,,0,闇討ち,1,,,,プケプケ,,https://monchan-db.s3.ap-northeast-1.amazonaws.com/300xx/%E3%83%80%E3%83%81%E3%83%A5%E3%83%A9%E3%83%96%E3%83%AC%E3%82%A4%E3%82%BA.png,,2024/07/30 11:36:07,2024/08/01 10:26:21
KfUiJi9E,30004,ラグーナゴーレム6,大剣,水属性,1221,,1142,,0,耳栓,1,,,,プケプケ亜種,,https://monchan-db.s3.ap-northeast-1.amazonaws.com/300xx/%E3%83%A9%E3%82%B0%E3%83%BC%E3%83%8A%E3%82%B4%E3%83%BC%E3%83%AC%E3%83%A0.png,,2024/07/30 11:42:45,2024/08/01 10:39:48
lGKZhKZw,30005,ボルボシュレッダー5,大剣,無属性,1756,,0,,0,防御,2,,,,ボルボロス,,https://monchan-db.s3.ap-northeast-1.amazonaws.com/300xx/%E3%83%9C%E3%83%AB%E3%83%9C%E3%82%B7%E3%83%A5%E3%83%AC%E3%83%83%E3%83%80%E3%83%BC.png,,2024/07/30 17:47:48,2024/08/01 10:49:29
vbNgsZJU,30006,マラドハディード5,大剣,麻痺,1596,,400,,0,闇討ち,1,,,,ドスギルオス,,https://monchan-db.s3.ap-northeast-1.amazonaws.com/300xx/%E3%83%9E%E3%83%A9%E3%83%89%E3%83%8F%E3%83%87%E3%82%A3%E3%83%BC%E3%83%89.png,,2024/07/30 17:48:46,2024/08/01 10:49:53
IPrmSndP,30007,ライトニングパニッシュ5,大剣,雷属性,1293,,910,,0,回避距離UP,1,,,,トビカガチ,,https://monchan-db.s3.ap-northeast-1.amazonaws.com/300xx/%E3%83%A9%E3%82%A4%E3%83%88%E3%83%8B%E3%83%B3%E3%82%B0%E3%83%91%E3%83%8B%E3%83%83%E3%82%B7%E3%83%A5.png,,2024/07/30 22:10:37,2024/08/22 17:55:55
oaZ1edci,30008,ニュクスレイザー6,大剣,睡眠,1756,,300,,0,闇討ち,1,,,,パオウルムー亜種,,https://monchan-db.s3.ap-northeast-1.amazonaws.com/300xx/%E3%83%8B%E3%83%A5%E3%82%AF%E3%82%B9%E3%83%AC%E3%82%A4%E3%82%B6%E3%83%BC.png,,2024/07/30 22:53:30,2024/08/22 17:58:27
HXSW7ejZ,30009,ウォーターゴーレム5,大剣,水属性,1293,,910,,0,背水防御,1,,,,ジュラトドス,,https://monchan-db.s3.ap-northeast-1.amazonaws.com/300xx/%E3%82%A6%E3%82%A9%E3%83%BC%E3%82%BF%E3%83%BC%E3%82%B4%E3%83%BC%E3%83%AC%E3%83%A0.png,,2024/07/30 22:54:44,2024/08/22 18:16:20
HfG5x60D,30010,フラムエルヘレヴ改5,大剣,火属性,1293,,910,,0,尻上がり,1,,,,アンジャナフ,,https://monchan-db.s3.ap-northeast-1.amazonaws.com/300xx/%E3%83%95%E3%83%A9%E3%83%A0%E3%82%A8%E3%83%AB%E3%83%98%E3%83%AC%E3%83%B4%E6%94%B9.png,,2024/07/30 22:56:05,2024/08/24 18:20:49
dyQwSrN7,30011,雷顎大剣ドネルヘレヴ改5,大剣,雷属性,1197,,1154,,20,会心撃【属性】,1,,,,アンジャナフ亜種,,,,,
ATXJTGb8,30012,フロストブレイズ5,大剣,氷属性,1221,,1142,,0,精霊の加護,2,,,,レイギエナ,,https://monchan-db.s3.ap-northeast-1.amazonaws.com/300xx/%E3%83%95%E3%83%AD%E3%82%B9%E3%83%88%E3%83%96%E3%83%AC%E3%82%A4%E3%82%BA.png,,2024/07/30 22:57:02,2024/08/24 18:21:23
F00an5UF,30013,レッドウィング5,大剣,火属性,1221,,1142,,0,耳栓,1,,,,リオレウス,,https://monchan-db.s3.ap-northeast-1.amazonaws.com/300xx/%E3%83%AC%E3%83%83%E3%83%89%E3%82%A6%E3%82%A3%E3%83%B3%E3%82%B0.png,,2024/07/30 22:57:50,2024/08/24 18:22:11
lStcJdIH,30014,煌剣リオレウス5,大剣,火属性,1682,,605,,0,SPスキル威力アップ,1,,,,リオレウス亜種,,https://monchan-db.s3.ap-northeast-1.amazonaws.com/300xx/%E7%85%8C%E5%89%A3%E3%83%AA%E3%82%AA%E3%83%AC%E3%82%A6%E3%82%B9.png,,2024/07/30 23:34:17,2024/08/24 18:22:41
UDh5yp5y,30015,輝剣リオレウス5,大剣,火属性,1258,,1082,,30,会心撃【属性】,2,,,,リオレウス希少種,,https://monchan-db.s3.ap-northeast-1.amazonaws.com/300xx/%E8%BC%9D%E5%89%A3%E3%83%AA%E3%82%AA%E3%83%AC%E3%82%A6%E3%82%B9.png,,2024/10/14 11:49:03,2024/10/14 11:49:03
iustCCEu,30016,塊剣ラドバルク5,大剣,睡眠,1596,,400,,0,防御,2,,,,ラドバルキン,,https://monchan-db.s3.ap-northeast-1.amazonaws.com/300xx/%E5%A1%8A%E5%89%A3%E3%83%A9%E3%83%89%E3%83%90%E3%83%AB%E3%82%AF.png,,2024/07/30 23:35:17,2024/08/24 18:24:10
SrF6lPO2,30017,巨牛の大斧8,大剣,無属性,1764,,0,,0,体幹強化,2,,,,バフバロ,,https://monchan-db.s3.ap-northeast-1.amazonaws.com/300xx/%E5%B7%A8%E7%89%9B%E3%81%AE%E5%A4%A7%E6%96%A7.png,,2024/07/30 23:37:11,2024/08/24 18:24:51
w3B1DMzb,30018,アイシクルファング改5,大剣,氷属性,1191,,910,,20,回避距離UP,1,,,,ベリオロス,,https://monchan-db.s3.ap-northeast-1.amazonaws.com/300xx/%E3%82%A2%E3%82%A4%E3%82%B7%E3%82%AF%E3%83%AB%E3%83%95%E3%82%A1%E3%83%B3%E3%82%B0%E6%94%B9.png,,2024/07/30 23:38:05,2024/08/24 18:25:39
hC2CinS8,30019,迅雷の断裂斧6,大剣,雷属性,1221,,1142,,0,ジャスト回避強化,1,,,,ジンオウガ,,https://monchan-db.s3.ap-northeast-1.amazonaws.com/300xx/%E8%BF%85%E9%9B%B7%E3%81%AE%E6%96%AD%E8%A3%82%E6%96%A7.png,,2024/07/30 23:39:53,2024/08/24 18:26:27
cNjQTKzk,30020,アングイッシュ5,大剣,龍属性,1318,,1261,,-30,集中,1,,,,イビルジョー,,https://monchan-db.s3.ap-northeast-1.amazonaws.com/300xx/%E3%82%A2%E3%83%B3%E3%82%B0%E3%82%A4%E3%83%83%E3%82%B7%E3%83%A5.png,,2024/07/30 23:40:54,2024/08/24 18:27:04
fmXMKXvr,30021,フルミナントブレイド5,大剣,雷属性,1194,,913,,20,フルチャージ,1,,,,フルフル,,https://monchan-db.s3.ap-northeast-1.amazonaws.com/300xx/%E3%83%95%E3%83%AB%E3%83%9F%E3%83%8A%E3%83%B3%E3%83%88%E3%83%96%E3%83%AC%E3%82%A4%E3%83%89.png,,2024/07/30 23:41:43,2024/08/24 18:29:42
EpTXGQEq,30022,ダオラ＝デグニダル5,大剣,氷属性,1553,,974,,0,狩人の結束,1,,風圧耐性,2,クシャルダオラ,,https://monchan-db.s3.ap-northeast-1.amazonaws.com/300xx/%E3%83%80%E3%82%AA%E3%83%A9%EF%BC%9D%E3%83%87%E3%82%B0%E3%83%8B%E3%83%80%E3%83%AB.png,,2024/07/30 23:42:46,2024/08/24 18:30:20
rUj8JS6N,30023,あかねさす紫剣の朝斬5,大剣,水属性,1138,,1156,,20,ジャスト回避強化,1,,,,タマミツネ,,https://monchan-db.s3.ap-northeast-1.amazonaws.com/300xx/%E3%81%82%E3%81%8B%E3%81%AD%E3%81%95%E3%81%99%E7%B4%AB%E5%89%A3%E3%81%AE%E6%9C%9D%E6%96%AC.png,,2024/07/30 23:45:33,2024/08/24 18:30:58
oh95LtEP,30024,キングテスカブレイド5,大剣,爆破,1684,,502,,0,狩人の結束,1,,火事場力,2,テオ・テスカトル,,https://monchan-db.s3.ap-northeast-1.amazonaws.com/300xx/%E3%82%AD%E3%83%B3%E3%82%B0%E3%83%86%E3%82%B9%E3%82%AB%E3%83%96%E3%83%AC%E3%82%A4%E3%83%89.png,,2024/08/19 18:40:05,2024/10/17 20:30:38
EHp8QHqP,30025,暁の大剣シルヴァリエ5,大剣,火属性,1588,,632,,0,ロックオン,1,,,,アケノシルム,,https://monchan-db.s3.ap-northeast-1.amazonaws.com/300xx/%E6%9A%81%E3%81%AE%E5%A4%A7%E5%89%A3%E3%82%B7%E3%83%AB%E3%83%B4%E3%82%A1%E3%83%AA%E3%82%A8.png,,,
WCKtES8B,30026,禍ツ大剣ノ幽鬼ムダン5,大剣,爆破,1516,,496,,0,破壊王,1,,,,マガイマガド,,https://monchan-db.s3.ap-northeast-1.amazonaws.com/300xx/%E7%A6%8D%E3%83%84%E5%A4%A7%E5%89%A3%E3%83%8E%E5%B9%BD%E9%AC%BC%E3%83%A0%E3%83%80%E3%83%B3.png,,2024/10/09 10:45:56,2024/10/09 10:45:56
oFy2kxT6,30027,大鬼金棒1,大剣,雷属性,1318,,1261,,-30,逆恨み,2,,,,ラージャン,,https://monchan-db.s3.ap-northeast-1.amazonaws.com/300xx/%E5%A4%A7%E9%AC%BC%E9%87%91%E6%A3%92.png,,2024/10/09 10:43:45,2024/10/09 10:43:45
PvcQrnxB,30028,滅鬼の凶器5,大剣,龍属性,1553,,974,,0,狩人の結束,1,,破壊王,2,ネルギガンテ,,https://monchan-db.s3.ap-northeast-1.amazonaws.com/300xx/%E6%BB%85%E9%AC%BC%E3%81%AE%E5%87%B6%E5%99%A8.png,,2024/10/14 11:50:15,2024/10/14 11:50:15
liD635hB,30029,白兎大剣シャーロット5,大剣,氷属性,1588,,632,,0,ロックオン,1,,,,ウルクスス,,https://monchan-db.s3.ap-northeast-1.amazonaws.com/300xx/%E7%99%BD%E5%85%8E%E5%A4%A7%E5%89%A3%E3%82%B7%E3%83%A3%E3%83%BC%E3%83%AD%E3%83%83%E3%83%88.png,,,
tbhmkvUx,30030,夢幻のメロウドロウ5,大剣,睡眠,1567,,496,,-15,回避距離UP,1,,,,イソネミクニ,,https://monchan-db.s3.ap-northeast-1.amazonaws.com/300xx/%E5%A4%A2%E5%B9%BB%E3%81%AE%E3%83%A1%E3%83%AD%E3%82%A6%E3%83%89%E3%83%AD%E3%82%A6.png,,,
dcTJZg1C,30031,ティガノアギト改5,大剣,無属性,2198,,0,,-40,凶会心,1,,,,ティガレックス,,https://monchan-db.s3.ap-northeast-1.amazonaws.com/300xx/%E3%83%86%E3%82%A3%E3%82%AC%E3%83%8E%E3%82%A2%E3%82%AE%E3%83%88%E6%94%B9.png,,,
DA9kKgbl,30032,吼大剣【荒咬】5,大剣,無属性,2198,,0,,-10,防御の備え,3,,,,ティガレックス亜種,,,,,
WCmclIMT,30033,召雷剣5,大剣,雷属性,1205,,1305,,0,狩人の結束,1,,力の解放,1,キリン,,,,,
uka6Nnfh,30034,ディノブレイズ6,大剣,火属性,1318,,1261,,-30,凶会心,1,,,,ディノバルド,,,,,
C0W5UjT7,30035,アミナスシャムシール5,大剣,毒,1741,,505,,0,狩人の結束,1,,闇討ち【状態異常】,2,オオナズチ,,,,,
vdDngEe7,30036,ブランスラッシャー7,大剣,氷属性,1293,,910,,0,勇猛,1,,,,ブラントドス,,,,,
Lo4IS6Wo,30037,ヒドゥンブレイズ6,大剣,無属性,1738,,0,,40,死中に活,2,,,,ナルガクルガ,,,,,
Cv9juhMp,30038,冷たき月の断剣改5,大剣,氷属性,1020,,1173,,0,ハイチャージ【氷】,1,,,,ルナガロン,,,,,
eLnWT7QW,30039,ゴルム・ブレイド改5,大剣,無属性,1979,,0,,0,果敢,1,,,,ガランゴルム,,,,,
vOBgF3v7,30040,ローゼンブレット改5,大剣,火属性,1197,,1154,,20,破壊王【SPスキル】,2,,,,エスピナス,,,,,
Qd05g4Lu,30041,断頭のシュナイデン5,大剣,龍属性,1205,,1305,,0,狩人の結束,1,,ハイチャージ【龍】,1,メル・ゼナ,,,,,
ygApNwIn,30042,炎尾大剣ブレイズデル5,大剣,火属性,1020,,1173,,0,勇猛,1,,,,ケマトリス,,,,,
IDlGaLY4,30043,ゴシャガズバァ5,大剣,氷属性,1311,,1200,,-30,凶会心,1,,,,ゴシャハギ,,,,,
oiVW7eXz,30044,啼剣ライゼクス改5,大剣,雷属性,1138,,1156,,20,雷属性攻撃強化,1,,,,ライゼクス,,,,,
xZSiMPrs,30045,カーニバル2024ブレイド7,大剣,爆破,1623,,313,,0,防御,2,,,,なし,,https://monchan-db.s3.ap-northeast-1.amazonaws.com/300xx/%E3%82%AB%E3%83%BC%E3%83%8B%E3%83%90%E3%83%AB2024%E3%83%96%E3%83%AC%E3%82%A4%E3%83%89.png,,2024/10/14 11:52:30,2024/10/14 11:52:30
y4WiYZOD,30046,ボーンスラッシャー5,大剣,無属性,1596,,0,,0,SPゲージ加速,1,,,,なし,,https://monchan-db.s3.ap-northeast-1.amazonaws.com/300xx/%E3%83%9C%E3%83%BC%E3%83%B3%E3%82%B9%E3%83%A9%E3%83%83%E3%82%B7%E3%83%A3%E3%83%BC.png,,2024/07/30 23:46:21,2024/08/24 18:31:32
lFxDMgQv,30047,エスペラブレイド5,大剣,無属性,1878,,0,,0,ロックオン,1,,,,なし,,,,,
FJKbgFld,30048,バルーントイブレイド8,大剣,無属性,1893,,0,,0,バルーンチャージ,1,,,,なし,,,,,
uO6Sdqas,40001,鉄刀【禊】5,太刀,無属性,1596,,0,,0,毒耐性,2,,,,なし,,https://monchan-db.s3.ap-northeast-1.amazonaws.com/400xx/%E9%89%84%E5%88%80%E3%80%90%E7%A6%8A%E3%80%91.png,,2024/08/01 23:37:23,2024/08/24 18:34:10
MreeKFpd,40002,アルダジャージュ5,太刀,無属性,1596,,0,,30,不屈,2,,,,クルルヤック,,https://monchan-db.s3.ap-northeast-1.amazonaws.com/400xx/%E3%82%A2%E3%83%AB%E3%83%80%E3%82%B8%E3%83%A3%E3%83%BC%E3%82%B8%E3%83%A5.png,,2024/08/01 23:38:07,2024/08/24 18:35:36
ypNnCZ6M,40003,カガチノキバ5,太刀,雷属性,1293,,910,,0,回避距離UP,1,,,,トビカガチ,,https://monchan-db.s3.ap-northeast-1.amazonaws.com/400xx/%E3%82%AB%E3%82%AC%E3%83%81%E3%83%8E%E3%82%AD%E3%83%90.png,,2024/08/01 23:38:52,2024/08/24 18:36:07
GlL5ILGY,40004,ディプテルス5,太刀,水属性,1293,,910,,0,背水防御,1,,,,ジュラトドス,,https://monchan-db.s3.ap-northeast-1.amazonaws.com/400xx/%E3%83%87%E3%82%A3%E3%83%97%E3%83%86%E3%83%AB%E3%82%B9.png,,2024/08/02 0:08:37,2024/08/24 18:36:36
Kt2B2FZP,40005,ジャナフシミター5,太刀,火属性,1293,,910,,0,尻上がり,1,,,,アンジャナフ,,https://monchan-db.s3.ap-northeast-1.amazonaws.com/400xx/%E3%82%B8%E3%83%A3%E3%83%8A%E3%83%95%E3%82%B7%E3%83%9F%E3%82%BF%E3%83%BC.png,,2024/08/02 0:10:59,2024/08/24 18:37:10
plB5HbbM,40006,モルダ=ジャナール6,太刀,雷属性,1197,,1154,,20,会心撃【属性】,1,,,,アンジャナフ亜種,,,,,
bUwZznFY,40007,飛竜刀【翠】5,太刀,毒,1516,,496,,0,体力増強,2,,,,リオレイア,,https://monchan-db.s3.ap-northeast-1.amazonaws.com/400xx/%E9%A3%9B%E7%AB%9C%E5%88%80%E3%80%90%E7%BF%A0%E3%80%91.png,,2024/08/02 0:12:12,2024/08/24 18:58:57
xwY99vrB,40008,飛竜刀【桜花】改5,太刀,毒,1756,,300,,0,回避距離UP,1,,,,リオレイア亜種,,https://monchan-db.s3.ap-northeast-1.amazonaws.com/400xx/%E9%A3%9B%E7%AB%9C%E5%88%80%E3%80%90%E6%A1%9C%E8%8A%B1%E3%80%91%E6%94%B9.png,,2024/08/02 0:13:19,2024/08/24 18:59:50
AHtOQBqI,40009,飛竜刀【月】5,太刀,毒,1675,,399,,30,追い打ち【毒】,2,,,,リオレイア希少種,,https://monchan-db.s3.ap-northeast-1.amazonaws.com/400xx/%E9%A3%9B%E7%AB%9C%E5%88%80%E3%80%90%E6%9C%88%E3%80%91.png,,2024/10/14 12:05:57,2024/10/18 9:49:10
HJLuseyg,40010,スティーラー5,太刀,氷属性,1221,,1142,,0,精霊の加護,2,,,,レイギエナ,,https://monchan-db.s3.ap-northeast-1.amazonaws.com/400xx/%E3%82%B9%E3%83%86%E3%82%A3%E3%83%BC%E3%83%A9%E3%83%BC.png,,2024/08/02 0:14:09,2024/08/24 19:00:22
SNyb9Oq7,40011,飛竜刀【朱】5,太刀,火属性,1221,,1142,,0,耳栓,1,,,,リオレウス,,https://monchan-db.s3.ap-northeast-1.amazonaws.com/400xx/%E9%A3%9B%E7%AB%9C%E5%88%80%E3%80%90%E6%9C%B1%E3%80%91.png,,2024/08/02 0:15:07,2024/08/24 19:01:00
LWIaAWrx,40012,飛竜刀【藍染】5,太刀,火属性,1682,,605,,0,SPスキル威力アップ,1,,,,リオレウス亜種,,https://monchan-db.s3.ap-northeast-1.amazonaws.com/400xx/%E9%A3%9B%E7%AB%9C%E5%88%80%E3%80%90%E8%97%8D%E6%9F%93%E3%80%91.png,,2024/08/02 0:17:12,2024/08/24 19:01:46
ocOeNboZ,40013,飛竜刀【銀】5,太刀,火属性,1258,,1082,,30,会心撃【属性】,2,,,,リオレウス希少種,,https://monchan-db.s3.ap-northeast-1.amazonaws.com/400xx/%E9%A3%9B%E7%AB%9C%E5%88%80%E3%80%90%E9%8A%80%E3%80%91.png,,2024/10/14 12:02:34,2024/10/18 10:12:52
Oz1vg6wU,40014,巨牛の大太刀8,太刀,無属性,1764,,0,,0,体幹強化,2,,,,バフバロ,,https://monchan-db.s3.ap-northeast-1.amazonaws.com/400xx/%E5%B7%A8%E7%89%9B%E3%81%AE%E5%A4%A7%E5%A4%AA%E5%88%80.png,,2024/08/02 0:18:26,2024/08/24 19:05:46
SQbvc7rZ,40015,氷牙刀【琥珀】7,太刀,氷属性,1191,,910,,20,回避距離UP,1,,,,ベリオロス,,https://monchan-db.s3.ap-northeast-1.amazonaws.com/400xx/%E6%B0%B7%E7%89%99%E5%88%80%E3%80%90%E7%90%A5%E7%8F%80%E3%80%91.png,,2024/08/02 0:19:12,2024/08/24 19:06:30
dVVkIw74,40016,王牙刀【伏雷】1,太刀,雷属性,1221,,1142,,0,ジャスト回避強化,1,,,,ジンオウガ,,https://monchan-db.s3.ap-northeast-1.amazonaws.com/400xx/%E7%8E%8B%E7%89%99%E5%88%80%E3%80%90%E4%BC%8F%E9%9B%B7%E3%80%91.png,,2024/08/02 0:20:12,2024/08/24 19:07:20
jRLCV2ZK,40017,眩惑刀【閃】5,太刀,雷属性,1588,,632,,0,ロックオン,1,,,,ツィツィヤック,,https://monchan-db.s3.ap-northeast-1.amazonaws.com/400xx/%E7%9C%A9%E6%83%91%E5%88%80%E3%80%90%E9%96%83%E3%80%91.png,,2024/08/02 0:21:11,2024/08/24 19:08:21
se5WVTvy,40018,カラミティペイン5,太刀,龍属性,1318,,1261,,-30,早業,1,,,,イビルジョー,,https://monchan-db.s3.ap-northeast-1.amazonaws.com/400xx/%E3%82%AB%E3%83%A9%E3%83%9F%E3%83%86%E3%82%A3%E3%83%9A%E3%82%A4%E3%83%B3.png,,2024/08/02 0:22:11,2024/08/24 20:27:21
jJzQXh1f,40019,タイタンマカエラ5,太刀,火属性,1666,,527,,-15,火事場力,1,,,,バサルモス,,https://monchan-db.s3.ap-northeast-1.amazonaws.com/400xx/%E3%82%BF%E3%82%A4%E3%82%BF%E3%83%B3%E3%83%9E%E3%82%AB%E3%82%A8%E3%83%A9.png,,2024/08/02 0:23:00,2024/08/24 20:29:08
Ug6cV0km,40020,ダオラ＝レイド5,太刀,氷属性,1553,,974,,0,狩人の結束,1,,風圧耐性,2,クシャルダオラ,,https://monchan-db.s3.ap-northeast-1.amazonaws.com/400xx/%E3%83%80%E3%82%AA%E3%83%A9%EF%BC%9D%E3%83%AC%E3%82%A4%E3%83%89.png,,2024/08/02 0:23:56,2024/08/24 20:30:00
uY190Ewj,40021,たまのをの絶刀の斬振5,太刀,水属性,1138,,1156,,20,ジャスト回避強化,1,,,,タマミツネ,,https://monchan-db.s3.ap-northeast-1.amazonaws.com/400xx/%E3%81%9F%E3%81%BE%E3%81%AE%E3%82%92%E3%81%AE%E7%B5%B6%E5%88%80%E3%81%AE%E6%96%AC%E6%8C%AF.png,,2024/08/02 0:25:14,2024/08/24 20:34:16
Ixpbupb0,40022,帝王刀【陽炎】5,太刀,爆破,1684,,502,,0,狩人の結束,1,,火事場力,2,テオ・テスカトル,,https://monchan-db.s3.ap-northeast-1.amazonaws.com/400xx/%E5%B8%9D%E7%8E%8B%E5%88%80%E3%80%90%E9%99%BD%E7%82%8E%E3%80%91.png,,2024/08/19 18:41:01,2024/10/17 20:30:07
hVOGVPmr,40023,時の刺刀シルカヴァレ5,太刀,火属性,1588,,632,,0,ロックオン,1,,,,アケノシルム,,,,2024/10/14 12:01:38,2024/10/14 12:01:38
AyvvqU5E,40024,禍ツ太刀ノ幽鬼アガラ5,太刀,爆破,1516,,496,,0,破壊王,1,,,,マガイマガド,,,,2024/10/12 10:38:15,2024/10/12 10:38:15
UkQ7IJtq,40025,大鬼薙刀5,太刀,雷属性,1318,,1261,,-30,集中,1,,,,ラージャン,,,,2024/10/12 10:35:26,2024/10/12 10:35:26
byIk4KnO,40026,滅尽の一刀5,太刀,龍属性,1553,,974,,0,狩人の結束,1,,破壊王,2,ネルギガンテ,,https://monchan-db.s3.ap-northeast-1.amazonaws.com/400xx/%E6%BB%85%E5%B0%BD%E3%81%AE%E4%B8%80%E5%88%80.png,,2024/10/14 12:04:20,2024/10/18 9:49:42
aSyMbfAI,40027,白兎刃【氷棘】5,太刀,氷属性,1588,,632,,0,ロックオン,1,,,,ウルクスス,,,,,
yj2XBgmz,40028,夢幻のメロウパウ5,太刀,睡眠,1567,,496,,-15,回避距離UP,1,,,,イソネミクニ,,,,,
Cr975vnx,40029,一虎刀改5,太刀,無属性,2198,,0,,-40,凶会心,1,,,,ティガレックス,,,,,
L5GfMACl,40030,吼虎刀【餓咬】6,太刀,無属性,2198,,0,,-10,早業,3,,,,ティガレックス亜種,,,,,
ZCWWd3qs,40031,爆鱗刀バゼルバルガー5,太刀,爆破,1942,,297,,-30,早業,1,,,,バゼルギウス,,,,,
E23FckQm,40032,青熊長筆【留跳】5,太刀,無属性,1971,,0,,-20,SPスキル威力アップ,2,,,,アオアシラ,,,,,
BvwZXj0J,40033,ディノスパーダ6,太刀,火属性,1318,,1261,,-30,凶会心,1,,,,ディノバルド,,,,,
WAiSrE1C,40034,ファントムミラージュ5,太刀,毒,1741,,505,,0,狩人の結束,1,,闇討ち【状態異常】,2,オオナズチ,,,,,
BlrFUDZb,40035,ポイズンヘケト5,太刀,毒,1647,,307,,10,ロックオン,1,,,,ドスフロギィ,,,,,
CGCiQdJb,40036,ヒドゥンサーベル改5,太刀,無属性,1738,,0,,40,死中に活,2,,,,ナルガクルガ,,,,,
pTTFZqBA,40037,ネロ・トリナリア5,太刀,水属性,1328,,1074,,20,狩人の結束,1,,弱点特効,1,ネロミェール,,,,,
gElp9aI0,40038,冷たき月の白刃改5,太刀,氷属性,1020,,1173,,0,ハイチャージ【氷】,1,,,,ルナガロン,,,,,
NH4SvQL6,40039,ゴルム・カッター改5,太刀,無属性,1979,,0,,0,果敢,1,,,,ガランゴルム,,,,,
fyAH57Wz,40040,ローゼンフェーダー改5,太刀,毒,1756,,282,,20,破壊王【SPスキル】,2,,,,エスピナス,,,,,
M5B5kS3T,40041,裂空のフリューゲル5,太刀,龍属性,1205,,1305,,0,狩人の結束,1,,ハイチャージ【龍】,1,メル・ゼナ,,,,,
zzH6XfGS,40042,炎尾鑢フェロセラ5,太刀,火属性,1020,,1173,,0,勇猛,1,,,,ケマトリス,,,,,
GzAV5PVd,40043,飛竜刀【ペリドート】改5,太刀,雷属性,1138,,1156,,20,雷属性攻撃強化,1,,,,ライゼクス,,,,,
cazxDoSI,40044,カーニバル2024ショテル7,太刀,爆破,1623,,313,,0,防御,2,,,,なし,,,,2024/10/14 12:07:06,2024/10/14 12:07:06
alVBGW05,40045,ハードボーンショテル5,太刀,無属性,1596,,0,,0,SPゲージ加速,1,,,,なし,,https://monchan-db.s3.ap-northeast-1.amazonaws.com/400xx/%E3%83%8F%E3%83%BC%E3%83%89%E3%83%9C%E3%83%BC%E3%83%B3%E3%82%B7%E3%83%A7%E3%83%86%E3%83%AB.png,,2024/08/02 0:26:10,2024/08/24 20:34:49
viwh1bNy,40046,禍鎌ヴァルナロス5,太刀,龍属性,1221,,1142,,0,強化持続,2,,,,なし,,https://monchan-db.s3.ap-northeast-1.amazonaws.com/500xx/%E7%A6%8D%E9%8E%8C%E3%83%B4%E3%82%A1%E3%83%AB%E3%83%8A%E3%83%AD%E3%82%B9.png,,2024/10/21 23:45:03,2024/10/22 0:05:07
nzTev4R9,40047,エスペラエッジ5,太刀,無属性,1878,,0,,0,ロックオン,1,,,,なし,,,,,
NdkUtMD6,50001,鬼鉄5,ハンマー,無属性,1596,,0,,0,毒耐性,2,,,,なし,,https://monchan-db.s3.ap-northeast-1.amazonaws.com/500xx/%E9%AC%BC%E9%89%84.png,,2024/08/02 14:06:52,2024/10/02 10:23:25
G1AXcnkW,50002,ビークインパクト5,ハンマー,無属性,1596,,0,,30,不屈,2,,,,クルルヤック,,https://monchan-db.s3.ap-northeast-1.amazonaws.com/500xx/%E3%83%93%E3%83%BC%E3%82%AF%E3%82%A4%E3%83%B3%E3%83%91%E3%82%AF%E3%83%88.png,,2024/08/02 14:06:52,2024/10/02 10:23:45
v5BqMOQi,50003,ベネ・フロル5,ハンマー,毒,1596,,400,,0,闇討ち,1,,,,プケプケ,,https://monchan-db.s3.ap-northeast-1.amazonaws.com/500xx/%E3%83%99%E3%83%8D%E3%83%BB%E3%83%95%E3%83%AD%E3%83%AB.png,,2024/08/02 14:06:52,2024/10/02 10:24:08
CYpR7rXM,50004,アクア・フローラ改5,ハンマー,水属性,1221,,1142,,0,耳栓,1,,,,プケプケ亜種,,https://monchan-db.s3.ap-northeast-1.amazonaws.com/500xx/%E3%82%A2%E3%82%AF%E3%82%A2%E3%83%BB%E3%83%95%E3%83%AD%E3%83%BC%E3%83%A9%E6%94%B9.png,,2024/08/02 14:06:52,2024/10/02 10:24:26
IOYqEzsJ,50005,ボルボブレイカー5,ハンマー,無属性,1756,,0,,0,防御,2,,,,ボルボロス,,https://monchan-db.s3.ap-northeast-1.amazonaws.com/500xx/%E3%83%9C%E3%83%AB%E3%83%9C%E3%83%96%E3%83%AC%E3%82%A4%E3%82%AB%E3%83%BC.png,,2024/08/02 14:06:52,2024/10/02 10:24:47
gM8W2gQA,50006,マラドマトラカ5,ハンマー,麻痺,1596,,400,,0,闇討ち,1,,,,ドスギルオス,,https://monchan-db.s3.ap-northeast-1.amazonaws.com/500xx/%E3%83%9E%E3%83%A9%E3%83%89%E3%83%9E%E3%83%88%E3%83%A9%E3%82%AB.png,,2024/08/02 14:06:52,2024/10/02 10:25:34
Vuhl4XUi,50007,ライトニングバッシュ5,ハンマー,雷属性,1293,,910,,0,回避距離UP,1,,,,トビカガチ,,https://monchan-db.s3.ap-northeast-1.amazonaws.com/500xx/%E3%83%A9%E3%82%A4%E3%83%88%E3%83%8B%E3%83%B3%E3%82%B0%E3%83%90%E3%83%83%E3%82%B7%E3%83%A5.png,,2024/08/02 14:06:52,2024/10/02 10:26:19
JvD3FHZA,50008,ニュクスハンマー6,ハンマー,睡眠,1756,,300,,0,闇討ち,1,,,,パオウルムー亜種,,https://monchan-db.s3.ap-northeast-1.amazonaws.com/500xx/%E3%83%8B%E3%83%A5%E3%82%AF%E3%82%B9%E3%83%8F%E3%83%B3%E3%83%9E%E3%83%BC.png,,2024/08/02 14:06:52,2024/10/02 10:27:37
We8LhCZe,50009,ウォーターバッシュ5,ハンマー,水属性,1293,,910,,0,背水防御,1,,,,ジュラトドス,,https://monchan-db.s3.ap-northeast-1.amazonaws.com/500xx/%E3%82%A6%E3%82%A9%E3%83%BC%E3%82%BF%E3%83%BC%E3%83%90%E3%83%83%E3%82%B7%E3%83%A5.png,,2024/08/02 14:06:52,2024/10/02 10:27:55
YwuKaKeN,50010,ジャナフストライク5,ハンマー,火属性,1293,,910,,0,尻上がり,1,,,,アンジャナフ,,https://monchan-db.s3.ap-northeast-1.amazonaws.com/500xx/%E3%82%B8%E3%83%A3%E3%83%8A%E3%83%95%E3%82%B9%E3%83%88%E3%83%A9%E3%82%A4%E3%82%AF.png,,2024/08/02 14:06:52,2024/10/02 10:29:01
ENYFz0UV,50011,ドンナ=ジャナール6,ハンマー,雷属性,1197,,1154,,20,会心撃【属性】,1,,,,アンジャナフ亜種,,,,,
uAeIiQNC,50012,ブロスシャッター5,ハンマー,無属性,1979,,0,,0,火事場力,1,,,,ディアブロス,,https://monchan-db.s3.ap-northeast-1.amazonaws.com/500xx/%E3%83%96%E3%83%AD%E3%82%B9%E3%82%B7%E3%83%A3%E3%83%83%E3%82%BF%E3%83%BC.png,,2024/08/02 14:06:52,2024/10/02 10:29:31
EUU8Kouq,50013,カオスシャッター6,ハンマー,無属性,2218,,0,,-30,破壊王,1,,,,ディアブロス亜種,,,,2024/08/02 14:06:52,2024/10/03 17:29:13
yzH6gUDk,50014,火竜砕フラカン5,ハンマー,火属性,1221,,1142,,0,耳栓,1,,,,リオレウス,,https://monchan-db.s3.ap-northeast-1.amazonaws.com/500xx/%E7%81%AB%E7%AB%9C%E7%A0%95%E3%83%95%E3%83%A9%E3%82%AB%E3%83%B3.png,,,
WZ39qttd,50015,星砕きプロメテオル5,ハンマー,火属性,1258,,1082,,30,会心撃【属性】,2,,,,リオレウス希少種,,https://monchan-db.s3.ap-northeast-1.amazonaws.com/500xx/%E6%98%9F%E7%A0%95%E3%81%8D%E3%83%97%E3%83%AD%E3%83%A1%E3%83%86%E3%82%AA%E3%83%AB.png,,2024/10/14 12:09:58,2024/10/18 9:48:41
r1uLpGIH,50016,バルキンストライク5,ハンマー,睡眠,1596,,400,,0,防御,2,,,,ラドバルキン,,https://monchan-db.s3.ap-northeast-1.amazonaws.com/500xx/%E3%83%90%E3%83%AB%E3%82%AD%E3%83%B3%E3%82%B9%E3%83%88%E3%83%A9%E3%82%A4%E3%82%AF.png,,2024/08/02 14:06:52,2024/10/03 17:43:04
ok8136PJ,50017,巨牛の大蹄8,ハンマー,無属性,1764,,0,,0,体幹強化,2,,,,バフバロ,,https://monchan-db.s3.ap-northeast-1.amazonaws.com/500xx/%E5%B7%A8%E7%89%9B%E3%81%AE%E5%A4%A7%E8%B9%84.png,,2024/08/02 14:06:52,2024/10/03 17:42:46
j9BCrDfb,50018,アイシクルバッシュ7,ハンマー,氷属性,1191,,910,,20,回避距離UP,1,,,,ベリオロス,,https://monchan-db.s3.ap-northeast-1.amazonaws.com/500xx/%E3%82%A2%E3%82%A4%E3%82%B7%E3%82%AF%E3%83%AB%E3%83%90%E3%83%83%E3%82%B7%E3%83%A5.png,,2024/08/02 14:06:52,2024/10/03 17:42:26
xh5IwJFC,50019,王牙槌【大雷】1,ハンマー,雷属性,1221,,1142,,0,ジャスト回避強化,1,,,,ジンオウガ,,https://monchan-db.s3.ap-northeast-1.amazonaws.com/500xx/%E7%8E%8B%E7%89%99%E6%A7%8C%E3%80%90%E5%A4%A7%E9%9B%B7%E3%80%911.png,,2024/08/02 14:06:52,2024/08/22 13:40:11
uwsGMJHe,50020,カオスラッシュ5,ハンマー,龍属性,1318,,1261,,-30,KO術,1,,,,イビルジョー,,https://monchan-db.s3.ap-northeast-1.amazonaws.com/500xx/%E3%82%AB%E3%82%AA%E3%82%B9%E3%83%A9%E3%83%83%E3%82%B7%E3%83%A5.png,,2024/08/02 14:06:52,2024/10/03 17:21:09
AivJ8Ubu,50021,バサルバッシュ5,ハンマー,無属性,1874,,0,,-15,火事場力,1,,,,バサルモス,,https://monchan-db.s3.ap-northeast-1.amazonaws.com/500xx/%E3%83%90%E3%82%B5%E3%83%AB%E3%83%90%E3%83%83%E3%82%B7%E3%83%A5.png,,2024/08/02 14:06:52,2024/10/03 17:20:47
M6m4c6xx,50022,雷鎚フルフル5,ハンマー,雷属性,1194,,913,,20,フルチャージ,1,,,,フルフル,,https://monchan-db.s3.ap-northeast-1.amazonaws.com/500xx/%E9%9B%B7%E9%8E%9A%E3%83%95%E3%83%AB%E3%83%95%E3%83%AB.png,,2024/08/02 14:06:52,2024/10/03 17:20:25
iCdlceLo,50023,コロサル=ダオラ5,ハンマー,氷属性,1553,,974,,0,狩人の結束,1,,風圧耐性,2,クシャルダオラ,,https://monchan-db.s3.ap-northeast-1.amazonaws.com/500xx/%E3%82%B3%E3%83%AD%E3%82%B5%E3%83%AB%3D%E3%83%80%E3%82%AA%E3%83%A9.png,,2024/08/02 14:06:52,2024/08/22 23:22:46
VE0acPer,50024,おきつなみ撓鎚の華石5,ハンマー,水属性,1138,,1156,,20,ジャスト回避強化,1,,,,タマミツネ,,https://monchan-db.s3.ap-northeast-1.amazonaws.com/500xx/%E3%81%8A%E3%81%8D%E3%81%A4%E3%81%AA%E3%81%BF%E6%92%93%E9%8E%9A%E3%81%AE%E8%8F%AF%E7%9F%B3.png,,2024/08/02 14:06:52,2024/10/03 17:44:24
cXHTD2gD,50025,テオ=クラリア5,ハンマー,爆破,1684,,502,,0,狩人の結束,1,,火事場力,2,テオ・テスカトル,,https://monchan-db.s3.ap-northeast-1.amazonaws.com/500xx/%E3%83%86%E3%82%AA%3D%E3%82%AF%E3%83%A9%E3%83%AA%E3%82%A2.png,,2024/08/19 18:41:57,2024/10/17 20:29:32
z1VU4HRD,50026,禍ツ槌ノ幽鬼グラージ5,ハンマー,爆破,1516,,496,,0,破壊王,1,,,,マガイマガド,,https://monchan-db.s3.ap-northeast-1.amazonaws.com/500xx/%E7%A6%8D%E3%83%84%E6%A7%8C%E3%83%8E%E5%B9%BD%E9%AC%BC%E3%82%B0%E3%83%A9%E3%83%BC%E3%82%B8.png,,2024/10/12 10:43:04,2024/10/12 10:43:04
BF9LVPTn,50027,怒髪豪ダイラージャン5,ハンマー,雷属性,1318,,1261,,-30,破壊王,1,,,,ラージャン,,https://monchan-db.s3.ap-northeast-1.amazonaws.com/500xx/%E6%80%92%E9%AB%AA%E8%B1%AA%E3%83%80%E3%82%A4%E3%83%A9%E3%83%BC%E3%82%B8%E3%83%A3%E3%83%B3.png,,2024/10/12 10:40:55,2024/10/12 10:40:55
p6Yi0oKf,50028,潰滅の一撃5,ハンマー,龍属性,1553,,974,,0,狩人の結束,1,,破壊王,2,ネルギガンテ,,https://monchan-db.s3.ap-northeast-1.amazonaws.com/500xx/%E6%BD%B0%E6%BB%85%E3%81%AE%E4%B8%80%E6%92%83.png,,2024/10/14 12:12:21,2024/10/14 12:12:21
gshoocw6,50029,甲鎚ゴグマ5,ハンマー,麻痺,1516,,496,,0,回避距離UP,1,,,,ラングロトラ,,https://monchan-db.s3.ap-northeast-1.amazonaws.com/500xx/%E7%94%B2%E9%8E%9A%E3%82%B4%E3%82%B0%E3%83%9E.png,,,
WjFRHDRz,50030,夢幻のメロウブロウ5,ハンマー,睡眠,1567,,496,,-15,回避距離UP,1,,,,イソネミクニ,,https://monchan-db.s3.ap-northeast-1.amazonaws.com/500xx/%E5%A4%A2%E5%B9%BB%E3%81%AE%E3%83%A1%E3%83%AD%E3%82%A6%E3%83%96%E3%83%AD%E3%82%A6.png,,,
evKI1Fev,50031,ストライプストライク改5,ハンマー,無属性,2198,,0,,-40,凶会心,1,,,,ティガレックス,,https://monchan-db.s3.ap-northeast-1.amazonaws.com/500xx/%E3%82%B9%E3%83%88%E3%83%A9%E3%82%A4%E3%83%97%E3%82%B9%E3%83%88%E3%83%A9%E3%82%A4%E3%82%AF%E6%94%B9.png,,,
Q5qD2Qgo,50032,纏槌ハシャハトゥリ5,ハンマー,無属性,1834,,0,,10,防御の備え,1,,,,チャタカブラ,,,,,
CJOgcucD,50033,ステグマ【弐之型】5,ハンマー,無属性,1971,,0,,-20,SPスキル威力アップ,2,,,,アオアシラ,,,,,
nmVqqqfa,50034,灼炎のイシャター改5,ハンマー,火属性,1318,,1261,,-30,凶会心,1,,,,ディノバルド,,,,,
a8h7LJhu,50035,幻惑のディアマルト5,ハンマー,毒,1741,,505,,0,狩人の結束,1,,闇討ち【状態異常】,2,オオナズチ,,,,,
oDnfOzS2,50036,ダーティイロード5,ハンマー,毒,1647,,307,,10,ロックオン,1,,,,ドスフロギィ,,,,,
Q1iOgv5N,50037,大天具・鈷槌コンゴウ5,ハンマー,無属性,1764,,0,,0,グループハント強化【攻撃】,2,,,,ビシュテンゴ,,,,,
PsuGokqN,50038,ヒドゥンブレイカー改5,ハンマー,無属性,1738,,0,,40,死中に活,2,,,,ナルガクルガ,,,,,
dEyEa33F,50039,冷たき月の砕槌改5,ハンマー,雷属性,1020,,1173,,0,ハイチャージ【氷】,1,,,,ルナガロン,,,,,
sWA2W8P4,50040,ゴルム・ガベル改5,ハンマー,無属性,1979,,0,,0,果敢,1,,,,ガランゴルム,,,,,
SE9NxPMr,50041,ローゼンハンマー改5,ハンマー,火属性,1197,,1154,,20,破壊王【SPスキル】,2,,,,エスピナス,,,,,
wHzKuWqb,50042,噛砕のザシュラ5,ハンマー,龍属性,1205,,1305,,0,狩人の結束,1,,ハイチャージ【龍】,1,メル・ゼナ,,,,,
RrT0WviN,50043,ゴシャガベチャ5,ハンマー,氷属性,1311,,1200,,-30,凶会心,1,,,,ゴシャハギ,,,,,
mqvVWl1Q,50044,雷竜砕ゼクスムマ改5,ハンマー,雷属性,1138,,1156,,20,雷属性攻撃強化,1,,,,ライゼクス,,,,,
RPU7tUAS,50045,カーニバル2024ハンマー7,ハンマー,爆破,1623,,313,,0,防御,2,,,,なし,,https://monchan-db.s3.ap-northeast-1.amazonaws.com/500xx/%E3%82%AB%E3%83%BC%E3%83%8B%E3%83%90%E3%83%AB2024%E3%83%8F%E3%83%B3%E3%83%9E%E3%83%BC.png,,2024/10/14 12:13:31,2024/10/14 12:13:31
pT3RDAtc,50046,ヘヴィロックボーン5,ハンマー,無属性,1596,,0,,0,SPゲージ加速,1,,,,なし,,https://monchan-db.s3.ap-northeast-1.amazonaws.com/500xx/%E3%83%98%E3%83%B4%E3%82%A3%E3%83%AD%E3%83%83%E3%82%AF%E3%83%9C%E3%83%BC%E3%83%B3.png,,2024/08/02 14:06:52,2024/10/03 17:44:04
TuXkDAsw,50047,福運の竜槌6,ハンマー,龍属性,1293,,910,,0,精霊の加護,2,,,,なし,,https://monchan-db.s3.ap-northeast-1.amazonaws.com/500xx/%E7%A6%8F%E9%81%8B%E3%81%AE%E7%AB%9C%E6%A7%8C.png,※生産・強化に必要な枚数：20枚,2024/08/02 14:06:52,2024/10/03 17:43:42
Ku0lywtf,50048,エスペラハンマー5,ハンマー,無属性,1878,,0,,0,ロックオン,1,,,,なし,,,,,
AosaLmOu,51001,グレートバグパイプ5,狩猟笛,無属性,1596,,0,,0,毒耐性,1,,,,なし,,https://monchan-db.s3.ap-northeast-1.amazonaws.com/510xx/%E3%82%B0%E3%83%AC%E3%83%BC%E3%83%88%E3%83%90%E3%82%B0%E3%83%91%E3%82%A4%E3%83%97.png,,,
PkRloHiu,51002,リーシャタブル5,狩猟笛,無属性,1596,,0,,30,不屈,2,,,,クルルヤック,,https://monchan-db.s3.ap-northeast-1.amazonaws.com/510xx/%E3%83%AA%E3%83%BC%E3%82%B7%E3%83%A3%E3%82%BF%E3%83%96%E3%83%AB.png,,,
M0fusuVs,51003,ダチュラホルン5,狩猟笛,毒,1596,,400,,0,闇討ち,1,,,,プケプケ,,https://monchan-db.s3.ap-northeast-1.amazonaws.com/510xx/%E3%83%80%E3%83%81%E3%83%A5%E3%83%A9%E3%83%9B%E3%83%AB%E3%83%B3.png,,,
ph17w1Sv,51004,ラグーナドラム6,狩猟笛,水属性,1221,,1142,,0,耳栓,1,,,,プケプケ亜種,,https://monchan-db.s3.ap-northeast-1.amazonaws.com/510xx/%E3%83%A9%E3%82%B0%E3%83%BC%E3%83%8A%E3%83%89%E3%83%A9%E3%83%A0.png,,,
aQ4B1oHz,51005,土砂笙【獣ノ音】5,狩猟笛,無属性,1756,,0,,0,防御,2,,,,ボルボロス,,,,,
i13kvmYi,51006,ライトニングドラム5,狩猟笛,雷属性,1293,,910,,0,回避距離UP,2,,,,トビカガチ,,,,,
Rcvav3bu,51007,ウルムーバローネ5,狩猟笛,無属性,1764,,0,,0,精霊の加護,2,,,,パオウルムー,,,,,
zSSK00Dp,51008,ニュクスバローネ6,狩猟笛,睡眠,1756,,300,,0,闇討ち,1,,,,パオウルムー亜種,,,,,
hmahjjkA,51009,ウォータータムタム5,狩猟笛,水属性,1293,,910,,0,排水防御,1,,,,ジュラトドス,,,,,
FRa1cnxs,51010,ジャナフバローネ5,狩猟笛,火属性,1293,,910,,0,尻上がり,1,,,,アンジャナフ,,,,,
VZm5tGsK,51011,ホーン=ジャナール6,狩猟笛,雷属性,1197,,1154,,20,会心撃【属性】,1,,,,アンジャナフ亜種,,,,,
AX1cP3uJ,51012,クイーンリコーダー5,狩猟笛,毒,1516,,496,,0,体力増強,2,,,,リオレイア,,,,,
WLCqlhN1,51013,ロイヤルリコーダー5,狩猟笛,火属性,1682,,605,,0,回避距離UP,1,,,,リオレイア亜種,,,,,
Kzdl4eS8,51014,ゴルトリコーダー5,狩猟笛,火属性,1258,,1082,,30,会心撃【属性】,2,,,,リオレイア希少種,,,,,
QtPYTM6R,51015,セクタード5,狩猟笛,氷属性,1221,,1142,,0,精霊の加護,2,,,,レイギエナ,,,,,
OWRK6Yql,51016,破笛シャダー5,狩猟笛,無属性,1979,,0,,0,火事場力,1,,,,ディアブロス,,,,,
dnPOQlAF,51017,火竜笛アンビシオン5,狩猟笛,火属性,1221,,1142,,0,耳栓,1,,,,リオレウス,,,,,
lp7GEzxy,51018,バルキンホルン5,狩猟笛,睡眠,1596,,400,,0,防御,2,,,,ラドバルキン,,,,,
tuONPREp,51019,アイシクルホルン7,狩猟笛,氷属性,1191,,910,,20,回避距離UP,1,,,,ベリオロス,,,,,
VER9xTPD,51020,王牙琴【鳴雷】1,狩猟笛,雷属性,1221,,1142,,0,ジャスト回避強化,1,,,,ジンオウガ,,,,,
AGeUiVco,51021,ディープヴェロウ5,狩猟笛,龍属性,1318,,1261,,-30,強化持続,1,,,,イビルジョー,,,,,
xoH6oBYh,51022,ギガンズ=ロック5,狩猟笛,火属性,1666,,527,,-15,火事場力,1,,,,バサルモス,,,,,
VT7TTgJZ,51023,フルフルフルート5,狩猟笛,雷属性,1194,,913,,20,フルチャージ,1,,,,フルフル,,,,,
wlTfL7xa,51024,バフォルム=ダオラ5,狩猟笛,氷属性,1553,,974,,0,狩人の結束,1,,風圧耐性,2,クシャルダオラ,,,,,
nui8KhLB,51025,なるかみの音鈴の乙鳴5,狩猟笛,水属性,1138,,1156,,20,ジャスト回避強化,1,,,,タマミツネ,,,,,
M2JHXP9y,51026,テオ=オルフェス5,狩猟笛,爆破,1684,,502,,0,狩人の結束,1,,火事場力,2,テオ・テスカトル,,,,,
OpMqaAAI,51027,禍ツ琵琶ノ幽鬼ウラザ5,狩猟笛,爆破,1516,,496,,0,破壊王,1,,,,マガイマガド,,,,,
UiU7sMqz,51028,電電太鼓【雷轟】5,狩猟笛,雷属性,1318,,1261,,-30,力任せ,1,,,,ラージャン,,,,,
SdkwiyEe,51029,寂滅の一節5,狩猟笛,龍属性,1553,,974,,0,狩人の結束,1,,破壊王,2,ネルギガンテ,,,,,
tWMgqprz,51030,夢幻のメロウフォロウ5,狩猟笛,睡眠,1567,,496,,-15,回避距離UP,1,,,,イソネミクニ,,,,,
y61fygsa,51031,ストライプドラゴング改5,狩猟笛,無属性,2198,,0,,-40,凶会心,1,,,,ティガレックス,,,,,
pxoHsSTf,51032,吼鼓【鬼咬】5,狩猟笛,無属性,2198,,0,,-10,強化持続,3,,,,ティガレックス亜種,,,,,
bulbmxah,51033,雷鳴ノ笛5,狩猟笛,雷属性,1205,,1305,,0,狩人の結束,1,,力の解放,1,キリン,,,,,
biR6lVV2,51034,爆鱗鼓バゼルライド5,狩猟笛,爆破,1942,,297,,-30,破壊王,1,,,,バゼルギウス,,,,,
LuZ5qPFj,51035,ドラグマ【弐式】5,狩猟笛,無属性,1971,,0,,-20,SPスキル威力アップ,1,,,,アオアシラ,,,,,
F2927npd,51036,灼炎のフランアニマー改5,狩猟笛,火属性,1318,,1261,,-30,凶会心,1,,,,ディノバルド,,,,,
kAM3izmu,51037,マジナイオカリナ5,狩猟笛,毒,1741,,505,,0,狩人の結束,1,,闇討ち【状態異常】,2,オオナズチ,,,,,
Nw93jLcU,51038,ヒドゥントーン改5,狩猟笛,無属性,1738,,0,,40,死中に活,2,,,,ナルガクルガ,,,,,
aCCicLru,51039,ヒュドロスホルン5,狩猟笛,水属性,1328,,1074,,20,狩人の結束,1,,弱点特効,1,ネロミェール,,,,,
fUiF3hXt,51040,冷たき月の弦楽器改5,狩猟笛,氷属性,1020,,1173,,0,ハイチャージ【氷】,1,,,,ルナガロン,,,,,
WD88rTxI,51041,ゴルム・ドラム改5,狩猟笛,無属性,1979,,0,,0,果敢,1,,,,ガランゴルム,,,,,
K3xiX6Qf,51042,ローゼンギタレ改5,狩猟笛,毒,1756,,282,,20,破壊王【SPスキル】,2,,,,エスピナス,,,,,
J5jHcdc7,51043,魔奏のゲシュライ5,狩猟笛,龍属性,1205,,1305,,0,狩人の結束,1,,ハイチャージ【龍】,1,メル・ゼナ,,,,,
GcdGIfSe,51044,グルンドナーフラップ改5,狩猟笛,雷属性,1138,,1156,,20,雷属性攻撃強化,1,,,,ライゼクス,,,,,
nss2WaRq,51045,ハードボーンホルン5,狩猟笛,無属性,1596,,0,,0,SPゲージ加速,1,,,,なし,,,,,
LMIR0apU,51046,スカルホイッスル8,狩猟笛,麻痺,1596,,400,,0,グループハント強化【攻撃】,3,,,,なし,,,,,
MuzELd31,60001,スティールランス5,ランス,無属性,1596,,0,,0,毒耐性,2,,,,なし,,,,2024/08/02 14:06:52,2024/08/28 11:21:35
s0zWvMOP,60002,クルルハスター5,ランス,無属性,1596,,0,,30,不屈,2,,,,クルルヤック,,,,2024/08/02 14:06:52,2024/10/05 8:43:54
HQWz9stM,60003,ダチュラパイク5,ランス,毒,1596,,400,,0,闇討ち,1,,,,プケプケ,,,,2024/08/02 14:06:52,2024/08/20 15:56:47
SoAtQbg8,60004,ラグーナパイク6,ランス,水属性,1221,,1142,,0,耳栓,1,,,,プケプケ亜種,,,,2024/08/02 14:06:52,2024/10/18 10:14:48
lYj4IE1f,60005,ボロススティンガー5,ランス,無属性,1756,,0,,0,防御,2,,,,ボルボロス,,,,2024/08/02 14:06:52,2024/10/03 17:35:32
hY3ShkFb,60006,ライトニングパイル5,ランス,雷属性,1293,,910,,0,回避距離UP,1,,,,トビカガチ,,,,2024/08/02 14:06:52,2024/08/20 15:55:52
GmfS4xrx,60007,ニュクスハルバ6,ランス,睡眠,1756,,300,,0,闇討ち,1,,,,パオウルムー亜種,,,,2024/08/02 14:06:52,2024/08/20 15:55:27
YZ8Jr0Fp,60008,ウォータースパイク5,ランス,水属性,1293,,910,,0,背水防御,1,,,,ジュラトドス,,,,2024/08/02 14:06:52,2024/10/17 20:43:00
louWNOxK,60009,ギエナハルバ5,ランス,氷属性,1221,,1142,,0,精霊の加護,2,,,,レイギエナ,,,,2024/08/02 14:06:52,2024/10/17 20:39:05
Lzbd7fRT,60010,レッドテイル5,ランス,火属性,1221,,1142,,0,耳栓,1,,,,リオレウス,,,,2024/08/02 14:06:52,2024/10/18 10:14:14
Px5kNLpk,60011,ブループロミネンス5,ランス,火属性,1682,,605,,0,SPスキル威力アップ,1,,,,リオレウス亜種,,,,2024/08/02 14:06:52,2024/10/18 10:15:49
NYo3aoGH,60012,シルバープロミネンス5,ランス,火属性,1258,,1082,,30,会心撃【属性】,2,,,,リオレウス希少種,,,,2024/10/14 12:20:08,2024/10/18 9:48:20
Mb6GFLMY,60013,トゥースランス改5,ランス,氷属性,1191,,910,,20,回避距離UP,1,,,,ベリオロス,,,,2024/08/02 14:06:52,2024/10/17 20:37:10
ahSfCTPc,60014,迅雷の疾槍6,ランス,雷属性,1221,,1142,,0,ジャスト回避強化,1,,,,ジンオウガ,,,,2024/08/02 14:06:52,2024/10/05 8:52:29
su0oNMx1,60015,ガロンダーラ5,ランス,無属性,1719,,0,,20,SPゲージ加速【ジャスト回避】,1,,,,オドガロン,,,,2024/08/02 14:06:52,2024/10/17 22:39:22
nlJXwvw8,60016,兇槍デスガロン6,ランス,龍属性,1138,,1156,,20,超会心,1,,,,オドガロン亜種,,,,,
AlGlLwBZ,60017,アトロシスタワー5,ランス,龍属性,1318,,1261,,-30,攻めの守勢,2,,,,イビルジョー,,,,2024/08/02 14:06:52,2024/10/17 22:39:45
WrXlnb3B,60018,ヴェノムスクウィード5,ランス,毒,1671,,342,,-15,火事場力,1,,,,バサルモス,,,,2024/08/02 14:06:52,2024/12/06 22:11:16
y5EyLyz3,60019,テリオス=ダオラ5,ランス,氷属性,1553,,974,,0,狩人の結束,1,,風圧耐性,2,クシャルダオラ,,,,2024/08/02 14:06:52,2024/12/06 22:10:03
hXHWiuwd,60020,きみがきる笠槍の突刺5,ランス,水属性,1138,,1156,,20,ジャスト回避強化,1,,,,タマミツネ,,,,2024/08/02 14:06:52,2024/10/18 10:15:20
KNBa7nes,60021,テオ=ロア5,ランス,爆破,1684,,502,,0,狩人の結束,1,,火事場力,2,テオ・テスカトル,,,,2024/08/20 15:30:23,2024/10/17 20:29:04
kRuhOzdF,60022,暁の突槍シルリッター5,ランス,火属性,1588,,632,,0,ロックオン,1,,,,アケノシルム,,,,2024/10/12 10:47:07,2024/10/12 10:47:07
IU3GaxBL,60023,禍ツ槍ノ幽鬼ラコレー5,ランス,爆破,1516,,496,,0,破壊王,1,,,,マガイマガド,,,,2024/10/12 10:51:07,2024/10/12 10:51:07
cV5Juy5i,60024,大鬼槍ラージャン5,ランス,雷属性,1318,,1261,,-30,連撃,2,,,,ラージャン,,,,2024/10/12 10:49:02,2024/10/12 10:49:02
ZiRHjM2T,60025,忘滅の腕5,ランス,龍属性,1553,,974,,0,狩人の結束,1,,破壊王,2,ネルギガンテ,,,,2024/10/14 12:25:55,2024/10/14 12:25:55
MMJTDi3m,60026,ラングスイープ5,ランス,麻痺,1516,,496,,0,回避距離UP,1,,,,ラングロトラ,,,,,
Pmcr5r0a,60027,ティガスティンガー改5,ランス,無属性,2198,,0,,-40,凶会心,1,,,,ティガレックス,,,,,
w9zxd9Ve,60028,吼槍【逆咬】5,ランス,無属性,2198,,0,,-10,邁進,5,,,,ティガレックス亜種,,,,,
RW4rrHYj,60029,雷槍5,ランス,雷属性,1205,,1305,,0,狩人の結束,1,,力の解放,1,キリン,,,,,
hLKu3jcK,60030,爆鱗槍バゼルミニアド5,ランス,爆破,1942,,297,,-30,攻めの守勢,2,,,,バゼルギウス,,,,,
muwmLT5L,60031,灼炎のスヴァロー改5,ランス,火属性,1318,,1261,,-30,凶会心,1,,,,ディノバルド,,,,,
tekHHQff,60032,ヒドゥンハスター6,ランス,無属性,1738,,0,,40,死中に活,2,,,,ナルガクルガ,,,,,
OW7TTlXI,60033,ヒュドロスウーラ5,ランス,水属性,1328,,1074,,20,狩人の結束,1,,弱点特効,1,ネロミェール,,,,,
RaCSqxvm,60034,冷たき月の旋槍改5,ランス,氷属性,1020,,1173,,0,ハイチャージ【氷】,1,,,,ルナガロン,,,,,
PLpone1I,60035,ゴルム・タワー改5,ランス,無属性,1979,,0,,0,果敢,1,,,,ガランゴルム,,,,,
IQoNXNlR,60036,ローゼンランツェ改5,ランス,火属性,1197,,1154,,20,破壊王【SPスキル】,2,,,,エスピナス,,,,,
xe6eAOpq,60037,串刺しのプファール5,ランス,龍属性,1205,,1305,,0,狩人の結束,1,,ハイチャージ【龍】,1,メル・ゼナ,,,,,
Qx69dwbs,60038,炎尾槍カミネートー5,ランス,火属性,1020,,1173,,0,勇猛,1,,,,ケマトリス,,,,,
hEJYYdCc,60039,ゴシャガドシュ5,ランス,氷属性,1311,,1200,,-30,凶会心,1,,,,ゴシャハギ,,,,,
zzSP51kt,60040,ヴェールライトニング改5,ランス,雷属性,1138,,1156,,20,雷属性攻撃強化,1,,,,ライゼクス,,,,,
yxKXI5wV,60041,カーニバル2024ランス7,ランス,爆破,1623,,313,,0,防御,2,,,,なし,,,,2024/10/14 12:28:26,2024/10/18 10:06:06
cQRtkauO,60042,ハードボーンランス5,ランス,無属性,1596,,0,,0,SPゲージ加速,1,,,,なし,,,,2024/08/02 14:06:52,2024/10/17 22:38:57
KoMVk7m3,60043,エスペラランス5,ランス,無属性,1878,,0,,0,ロックオン,1,,,,なし,,,,,
M1euGxdF,70001,スティールガンランス5,ガンランス,無属性,1596,,0,,0,毒耐性,2,,,,なし,,,,2024/08/02 14:06:52,2024/10/03 11:10:07
Co789X7J,70002,牙竜銃槍【大喰】5,ガンランス,水属性,1373,,607,,0,体力増強,2,,,,ドスジャグラス,,,,2024/08/02 14:06:52,2024/10/17 12:44:58
x8NLuYnD,70003,ボルボバスター5,ガンランス,無属性,1756,,0,,0,防御,2,,,,ボルボロス,,,,2024/08/02 14:06:52,2024/10/17 22:30:34
QCOpRCei,70004,牙竜銃槍【黒頭巾】5,ガンランス,麻痺,1596,,400,,0,闇討ち,1,,,,ドスギルオス,,,,2024/08/02 14:06:52,2024/10/17 22:30:53
jDkpNmia,70005,飛雷銃槍テツカガチ5,ガンランス,雷属性,1293,,910,,0,回避距離UP,1,,,,トビカガチ,,,,2024/08/02 14:06:52,2024/10/03 17:14:31
rpMxVBqS,70006,シュラムバスター5,ガンランス,水属性,1293,,910,,0,背水防御,1,,,,ジュラトドス,,,,2024/08/02 14:06:52,2024/10/03 17:14:48
OnKzeb7r,70007,ジャナフキャノン5,ガンランス,火属性,1293,,910,,0,尻上がり,1,,,,アンジャナフ,,,,2024/08/02 14:06:52,2024/10/17 22:30:28
GwCxigko,70008,ハルマ=ジャナール6,ガンランス,雷属性,1197,,1154,,20,会心撃【属性】,1,,,,アンジャナフ亜種,,,,,
hSWsfSJS,70009,プリンセスバースト改5,ガンランス,毒,1516,,496,,0,体力増強,2,,,,リオレイア,,,,2024/08/02 14:06:52,2024/10/17 22:30:01
EXP4jJaq,70010,ロイヤルバースト5,ガンランス,毒,1756,,300,,0,回避距離UP,1,,,,リオレイア亜種,,,,2024/08/02 14:06:52,2024/10/03 17:39:42
R7pxr4qK,70011,クイーンバースト5,ガンランス,毒,1675,,399,,30,追い打ち【毒】,2,,,,リオレイア希少種,,,,2024/10/14 12:37:12,2024/10/14 12:37:12
hx0EO5gN,70012,ギエナキャノン5,ガンランス,氷属性,1221,,1142,,0,精霊の加護,2,,,,レイギエナ,,,,2024/08/02 14:06:52,2024/10/03 17:39:28
IZeUokSj,70013,レッドルーク5,ガンランス,火属性,1221,,1142,,0,耳栓,1,,,,リオレウス,,,,2024/08/02 14:06:52,2024/10/17 22:29:49
WaV2tul8,70014,ブルーチャリオット5,ガンランス,火属性,1682,,605,,0,SPスキル威力アップ,1,,,,リオレウス亜種,,,,2024/08/02 14:06:52,2024/10/03 17:38:54
m6NVqMA2,70015,ガンチャリオット5,ガンランス,火属性,1258,,1082,,30,会心撃【属性】,2,,,,リオレウス希少種,,,,2024/10/14 12:30:06,2024/10/18 9:47:38
kaFJMgWX,70016,巨牛の大銃槍8,ガンランス,無属性,1764,,0,,0,体幹強化,2,,,,バフバロ,,,,2024/08/02 14:06:52,2024/10/17 22:29:39
hpQd0FrL,70017,デュアルトゥース改5,ガンランス,氷属性,1191,,910,,20,回避距離UP,1,,,,ベリオロス,,,,2024/08/02 14:06:52,2024/10/17 22:29:28
qoUPhgzN,70018,王銃槍ゴウライ改5,ガンランス,雷属性,1221,,1142,,0,ジャスト回避強化,1,,,,ジンオウガ,,,,2024/08/02 14:06:52,2024/10/17 22:29:17
efTu5SXc,70019,暴銃槍グラグリード5,ガンランス,龍属性,1318,,1261,,-30,砲術,1,,,,イビルジョー,,,,2024/08/02 14:06:52,2024/10/17 22:29:08
OObCmFgX,70020,雷銃槍フルボルト5,ガンランス,雷属性,1194,,913,,20,フルチャージ,1,,,,フルフル,,,,2024/08/02 14:06:52,2024/10/03 17:34:26
n7jDu0U6,70021,ダオラ=ブリジア5,ガンランス,氷属性,1553,,974,,0,狩人の結束,1,,風圧耐性,2,クシャルダオラ,,,,2024/08/02 14:06:52,2024/10/17 22:28:46
ivcnNg87,70022,さばへなす荒槍の水守5,ガンランス,水属性,1138,,1156,,20,ジャスト回避強化,1,,,,タマミツネ,,,,2024/08/02 14:06:52,2024/08/28 11:22:15
Yoxb8BOx,70023,暁の銃槍シルエクス5,ガンランス,火属性,1588,,632,,0,ロックオン,1,,,,アケノシルム,,,,2024/10/12 10:54:46,2024/10/12 10:54:46
SnSq0iny,70024,禍ツ砲槍ノ幽鬼レコル5,ガンランス,爆破,1516,,496,,0,破壊王,1,,,,マガイマガド,,,,2024/10/12 11:03:23,2024/10/12 11:03:23
rD93qrhh,70025,雷鬼銃槍ドラガン5,ガンランス,雷属性,1318,,1261,,-30,装填防御,1,,,,ラージャン,,,,2024/10/12 10:57:13,2024/10/12 10:57:13
zh9Lw9Zn,70026,焼滅の種火5,ガンランス,龍属性,1553,,974,,0,狩人の結束,1,,破壊王,2,ネルギガンテ,,,,2024/10/14 12:35:53,2024/10/18 9:47:57
L9PTAUqL,70027,ウルクスレイ5,ガンランス,氷属性,1588,,632,,0,ロックオン,1,,,,ウルクスス,,,,,
RZ8Aq9Bz,70028,ブレイクランアウト5,ガンランス,麻痺,1516,,496,,0,回避距離UP,1,,,,ラングロトラ,,,,,
d6fDV3pk,70029,ティガバースト改5,ガンランス,無属性,2198,,0,,-40,凶会心,1,,,,ティガレックス,,,,,
urzcBS78,70030,吼銃槍【焔咬】5,ガンランス,無属性,2198,,0,,-10,ジャスト巧撃,5,,,,ティガレックス亜種,,,,,
wTxf5w9S,70031,バゼルバスター6,ガンランス,爆破,1942,,297,,-30,砲術,1,,,,バゼルギウス,,,,,
Cs82chMb,70032,ディノバスター6,ガンランス,火属性,1318,,1261,,-30,凶会心,1,,,,ディノバルド,,,,,
iPVusIgc,70033,ベナムデトワレ5,ガンランス,毒,1741,,505,,0,狩人の結束,1,,闇討ち【状態異常】,2,オオナズチ,,,,,
LFDXxbDR,70034,ヒドゥンキャノン6,ガンランス,無属性,1738,,0,,40,死中に活,2,,,,ナルガクルガ,,,,,
AKDT8aqz,70035,ネロ・エフィーラ5,ガンランス,水属性,1328,,1074,,20,狩人の結束,1,,弱点特効,1,ネロミェール,,,,,
WVDwF7Y0,70036,冷たき月の銃槍改5,ガンランス,氷属性,1020,,1173,,0,ハイチャージ【氷】,1,,,,ルナガロン,,,,,
B31oOfnA,70037,ゴルム・ベネット改5,ガンランス,無属性,1979,,0,,0,果敢,1,,,,ガランゴルム,,,,,
UYTLai6V,70038,ローゼンカノーネ改5,ガンランス,毒,1756,,282,,0,破壊王【SPスキル】,2,,,,エスピナス,,,,,
OpyvD0Nd,70039,焦熱のシュライエン5,ガンランス,龍属性,1205,,1305,,0,狩人の結束,1,,ハイチャージ【龍】,1,メル・ゼナ,,,,,
Kqj7xjhC,70040,炎尾銃槍ケマドーラ5,ガンランス,火属性,1020,,1173,,0,勇猛,1,,,,ケマトリス,,,,,
gZEQHV2h,70041,フォンセチャリオット改5,ガンランス,雷属性,1138,,1156,,20,雷属性攻撃強化,1,,,,ライゼクス,,,,,
Br4lT0QQ,70042,カーニバル2024ガンランス7,ガンランス,爆破,1623,,313,,0,防御,2,,,,なし,,,,2024/10/14 12:38:24,2024/10/18 10:05:43
I5aTzMlr,70043,大骨銃槍5,ガンランス,無属性,1596,,0,,0,SPゲージ加速,1,,,,なし,,,,2024/08/02 14:06:52,2024/08/28 11:12:38
KyDgP1Yw,70044,エスペラガンランス5,ガンランス,無属性,1878,,0,,0,ロックオン,1,,,,なし,,,,,
SH8hwqvT,80001,鋼鉄製改良剣斧5,スラッシュアックス,無属性,1596,,0,,0,毒耐性,2,,,,なし,,https://monchan-db.s3.ap-northeast-1.amazonaws.com/800xx/%E9%8B%BC%E9%89%84%E8%A3%BD%E6%94%B9%E8%89%AF%E5%89%A3%E6%96%A7.png,,,
vbSEGeFv,80002,ジャグラスレイダー5,スラッシュアックス,水属性,1373,,607,,0,体力増強,2,,,,ドスジャグラス,,https://monchan-db.s3.ap-northeast-1.amazonaws.com/800xx/%E3%82%B8%E3%83%A3%E3%82%B0%E3%83%A9%E3%82%B9%E3%83%AC%E3%82%A4%E3%83%80%E3%83%BC.png,,,
ITdpncXp,80003,ダチュラガーデン9,スラッシュアックス,毒,1596,,400,,0,闇討ち,1,,,,プケプケ,,https://monchan-db.s3.ap-northeast-1.amazonaws.com/800xx/%E3%83%80%E3%83%81%E3%83%A5%E3%83%A9%E3%82%AC%E3%83%BC%E3%83%87%E3%83%B3.png,,,
ac3zeTo5,80004,ルブラルラグーン6,スラッシュアックス,水属性,1221,,1142,,0,耳栓,1,,,,プケプケ亜種,,https://monchan-db.s3.ap-northeast-1.amazonaws.com/800xx/%E3%83%AB%E3%83%96%E3%83%A9%E3%83%AB%E3%83%A9%E3%82%B0%E3%83%BC%E3%83%B3.png,,,
QNOFMyHn,80005,ボルボグランダー5,スラッシュアックス,無属性,1756,,0,,0,防御,2,,,,ボルボロス,,https://monchan-db.s3.ap-northeast-1.amazonaws.com/800xx/%E3%83%9C%E3%83%AB%E3%83%9C%E3%82%B0%E3%83%A9%E3%83%B3%E3%83%80%E3%83%BC.png,,,
l6x4ZHhz,80006,ライトニングアクセル5,スラッシュアックス,雷属性,1293,,910,,0,回避距離UP,1,,,,トビカガチ,,https://monchan-db.s3.ap-northeast-1.amazonaws.com/800xx/%E3%83%A9%E3%82%A4%E3%83%88%E3%83%8B%E3%83%B3%E3%82%B0%E3%82%A2%E3%82%AF%E3%82%BB%E3%83%AB.png,,,
De0pypbx,80007,ウルムーアックス5,スラッシュアックス,無属性,1764,,0,,0,精霊の加護,2,,,,パオウルムー,,https://monchan-db.s3.ap-northeast-1.amazonaws.com/800xx/%E3%82%A6%E3%83%AB%E3%83%A0%E3%83%BC%E3%82%A2%E3%83%83%E3%82%AF%E3%82%B9.png,,,
Hhy5kcn6,80008,ニュクススマッシャー6,スラッシュアックス,睡眠,1756,,300,,0,闇討ち,1,,,,パオウルムー亜種,,https://monchan-db.s3.ap-northeast-1.amazonaws.com/800xx/%E3%83%8B%E3%83%A5%E3%82%AF%E3%82%B9%E3%82%B9%E3%83%9E%E3%83%83%E3%82%B7%E3%83%A3%E3%83%BC.png,,,
FdmxiXGA,80009,シュラムドラウト5,スラッシュアックス,水属性,1293,,910,,0,背水防御,1,,,,ジュラトドス,,https://monchan-db.s3.ap-northeast-1.amazonaws.com/800xx/%E3%82%B7%E3%83%A5%E3%83%A9%E3%83%A0%E3%83%89%E3%83%A9%E3%82%A6%E3%83%88.png,,,
zQyVrcuj,80010,フラムエルシスカ改5,スラッシュアックス,火属性,1293,,910,,0,尻上がり,1,,,,アンジャナフ,,https://monchan-db.s3.ap-northeast-1.amazonaws.com/800xx/%E3%83%95%E3%83%A9%E3%83%A0%E3%82%A8%E3%83%AB%E3%82%B7%E3%82%B9%E3%82%AB%E6%94%B9.png,,,
Gpthn3mJ,80011,雷顎剣斧ドネルシスカ改5,スラッシュアックス,雷属性,1197,,1154,,20,会心撃【属性】,1,,,,アンジャナフ亜種,,,,,
MpDzeNh4,80012,竜姫の剣斧改5,スラッシュアックス,毒,1516,,496,,0,体力増強,2,,,,リオレイア,,https://monchan-db.s3.ap-northeast-1.amazonaws.com/800xx/%E7%AB%9C%E5%A7%AB%E3%81%AE%E5%89%A3%E6%96%A7%E6%94%B9.png,,,
aoFAl0Jq,80013,煌戦の金剣斧5,スラッシュアックス,毒,1675,,399,,30,追い打ち【毒】,2,,,,リオレイア希少種,,https://monchan-db.s3.ap-northeast-1.amazonaws.com/800xx/%E7%85%8C%E6%88%A6%E3%81%AE%E9%87%91%E5%89%A3%E6%96%A7.png,,,
TGDCVmkY,80014,ホロウコラム5,スラッシュアックス,氷属性,1221,,1142,,0,精霊の加護,2,,,,レイギエナ,,https://monchan-db.s3.ap-northeast-1.amazonaws.com/800xx/%E3%83%9B%E3%83%AD%E3%82%A6%E3%82%B3%E3%83%A9%E3%83%A0.png,,,
TFASokPH,80015,タイラントアックス5,スラッシュアックス,無属性,1979,,0,,0,火事場力,1,,,,ディアブロス,,https://monchan-db.s3.ap-northeast-1.amazonaws.com/800xx/%E3%82%BF%E3%82%A4%E3%83%A9%E3%83%B3%E3%83%88%E3%82%A2%E3%83%83%E3%82%AF%E3%82%B9.png,,,
H5x4ELaL,80016,デモン5,スラッシュアックス,無属性,2218,,0,,-30,破壊王,1,,,,ディアブロス亜種,,https://monchan-db.s3.ap-northeast-1.amazonaws.com/800xx/%E3%83%87%E3%83%A2%E3%83%B3.png,,,
s0WtgVxW,80017,火竜斧レウスギア5,スラッシュアックス,火属性,1221,,1142,,0,耳栓,1,,,,リオレウス,,https://monchan-db.s3.ap-northeast-1.amazonaws.com/800xx/%E7%81%AB%E7%AB%9C%E6%96%A7%E3%83%AC%E3%82%A6%E3%82%B9%E3%82%AE%E3%82%A2.png,,,
LzR2tJxd,80018,蒼炎斧ブルーギア6,スラッシュアックス,火属性,1682,,605,,0,SPスキル威力アップ,1,,,,リオレウス亜種,,https://monchan-db.s3.ap-northeast-1.amazonaws.com/800xx/%E8%92%BC%E7%82%8E%E6%96%A7%E3%83%96%E3%83%AB%E3%83%BC%E3%82%AE%E3%82%A2.png,,,
v2Qqs8VT,80019,煌竜斧シルバーギア5,スラッシュアックス,火属性,1258,,1082,,30,会心撃【属性】,2,,,,リオレウス希少種,,https://monchan-db.s3.ap-northeast-1.amazonaws.com/800xx/%E7%85%8C%E7%AB%9C%E6%96%A7%E3%82%B7%E3%83%AB%E3%83%90%E3%83%BC%E3%82%AE%E3%82%A2.png,,,
esY6wYzU,80020,巨牛の大剣斧8,スラッシュアックス,無属性,1764,,0,,0,体幹強化,2,,,,バフバロ,,,,,
xhGvzKE3,80021,アンバースラッシュ改5,スラッシュアックス,氷属性,1191,,910,,20,回避距離UP,1,,,,ベリオロス,,,,,
mfI58Yif,80022,迅雷の剣斧6,スラッシュアックス,雷属性,1221,,1142,,0,ジャスト回避強化,1,,,,ジンオウガ,,,,,
deO9auky,80023,テラーテュランノス5,スラッシュアックス,龍属性,1318,,1261,,-30,チェンジブースト,1,,,,イビルジョー,,,,,
HgD8Ycmp,80024,フルシャルマキス5,スラッシュアックス,雷属性,1194,,913,,20,フルチャージ,1,,,,フルフル,,,,,
K6wLLxl7,80025,ジャナフ＝ダオラ5,スラッシュアックス,氷属性,1553,,974,,0,狩人の結束,1,,風圧耐性,2,クシャルダオラ,,,,,
iTAuGR3J,80026,にはたづみ流斧の彫字5,スラッシュアックス,水属性,1138,,1156,,20,ジャスト回避強化,1,,,,タマミツネ,,,,,
bKdabqZY,80027,テオ＝キャッスル5,スラッシュアックス,爆破,1684,,502,,0,狩人の結束,1,,火事場力,2,テオ・テスカトル,,,,,
hNMLsR7I,80028,暁の剣斧シルファリス5,スラッシュアックス,火属性,1588,,632,,0,ロックオン,1,,,,アケノシルム,,,,,
GkamxARz,80029,禍ツ斧ノ幽鬼シムタス5,スラッシュアックス,爆破,1516,,496,,0,破壊王,1,,,,マガイマガド,,,,,
ga7JUg6Q,80030,金剛剣斧カンナリ5,スラッシュアックス,雷属性,1318,,1261,,-30,闘気活性,1,,,,ラージャン,,,,,
vLyr3Ihb,80031,断滅の一閃5,スラッシュアックス,龍属性,1553,,974,,0,狩人の結束,1,,破壊王,2,ネルギガンテ,,,,,
RicQCNlY,80032,白兎剣斧ネーヴェスレ5,スラッシュアックス,氷属性,1588,,632,,0,ロックオン,1,,,,ウルクスス,,,,,
SaqbaMfO,80033,ヴァーミリンガー5,スラッシュアックス,麻痺,1516,,496,,0,回避距離UP,1,,,,ラングロトラ,,,,,
nM0TGi7b,80034,レックスレイダー改6,スラッシュアックス,無属性,2198,,0,,-40,凶会心,1,,,,ティガレックス,,,,,
sWQ7Xton,80035,カーサスレイダー6,スラッシュアックス,無属性,2198,,0,,-10,防御の備え,3,,,,ティガレックス亜種,,,,,
g7Js2R2m,80036,雷斧5,スラッシュアックス,雷属性,1205,,1305,,0,狩人の結束,1,,力の解放,1,キリン,,,,,
RgwJTAY3,80037,バゼルレイダー6,スラッシュアックス,爆破,1942,,297,,-30,連撃,2,,,,バゼルギウス,,,,,
Vsf471zH,80038,青熊豪斧【山祭】5,スラッシュアックス,無属性,1971,,0,,-20,SPスキル威力アップ,2,,,,アオアシラ,,,,,
WbrEFj5i,80039,ディノスマッシャー6,スラッシュアックス,火属性,1318,,1261,,-30,凶会心,1,,,,ディノバルド,,,,,
WgPq9y0w,80040,幻視のバロール5,スラッシュアックス,毒,1741,,505,,0,狩人の結束,1,,闇討ち【状態異常】,2,オオナズチ,,,,,
BG8pKoHt,80041,大天具・輪斧グンダリ5,スラッシュアックス,無属性,1764,,0,,0,グループハント強化【攻撃】,2,,,,ビシュテンゴ,,,,,
BuwyHvRt,80042,ヒドゥンアックス改5,スラッシュアックス,無属性,1738,,0,,40,死中に活,2,,,,ナルガクルガ,,,,,
S8XF028c,80043,ネロ・ストロビラ5,スラッシュアックス,水属性,1328,,1074,,20,狩人の結束,1,,弱点特効,1,ネロミェール,,,,,
b2wYEVrI,80044,冷たき月の剣斧改5,スラッシュアックス,氷属性,1020,,1173,,0,ハイチャージ【氷】,1,,,,ルナガロン,,,,,
UYPIOZ2l,80045,ゴルム・アクス改5,スラッシュアックス,無属性,1979,,0,,0,果敢,1,,,,ガランゴルム,,,,,
Aq37Mhkm,80046,ローゼンアカンタ改5,スラッシュアックス,火属性,1197,,1154,,20,破壊王【SPスキル】,2,,,,エスピナス,,,,,
bI2DVSLv,80047,八裂のフォルター5,スラッシュアックス,龍属性,1205,,1305,,0,狩人の結束,1,,ハイチャージ【龍】,1,メル・ゼナ,,,,,
RFvb4OkP,80048,ハイ=ライジャード改5,スラッシュアックス,雷属性,1138,,1156,,20,雷属性攻撃強化,1,,,,ライゼクス,,,,,
ElUPPcGJ,80049,ボーンスマッシャー5,スラッシュアックス,無属性,1596,,0,,0,SPゲージ加速,1,,,,なし,,https://monchan-db.s3.ap-northeast-1.amazonaws.com/800xx/%E3%83%9C%E3%83%BC%E3%83%B3%E3%82%B9%E3%83%9E%E3%83%83%E3%82%B7%E3%83%A3%E3%83%BC.png,,,
XLL9Uw9k,80050,エスペラアックス5,スラッシュアックス,無属性,1878,,0,,0,ロックオン,1,,,,なし,,,,,
PHAGv25e,90001,レーガスピーダ5,チャージアックス,無属性,1596,,0,,0,毒耐性,2,,,,なし,,https://monchan-db.s3.ap-northeast-1.amazonaws.com/900xx/%E3%83%AC%E3%83%BC%E3%82%AC%E3%82%B9%E3%83%94%E3%83%BC%E3%83%80.png,,2024/08/02 14:06:52,2024/10/03 17:43:25
TBBcavLh,90002,ジャグラスエスクード5,チャージアックス,水属性,1373,,607,,0,体力増強,2,,,,ドスジャグラス,,https://monchan-db.s3.ap-northeast-1.amazonaws.com/900xx/%E3%82%B8%E3%83%A3%E3%82%B0%E3%83%A9%E3%82%B9%E3%82%A8%E3%82%B9%E3%82%AF%E3%83%BC%E3%83%89.png,,2024/08/02 14:06:52,2024/10/03 17:42:08
MRUubOrO,90003,ギルオスナージャ5,チャージアックス,麻痺,1596,,400,,0,闇討ち,1,,,,ドスギルオス,,https://monchan-db.s3.ap-northeast-1.amazonaws.com/900xx/%E3%82%AE%E3%83%AB%E3%82%AA%E3%82%B9%E3%83%8A%E3%83%BC%E3%82%B8%E3%83%A3.png,,2024/08/02 14:06:52,2024/10/03 17:41:50
yl6ULmq1,90004,カガチノカイナ5,チャージアックス,雷属性,1293,,910,,0,回避距離UP,1,,,,トビカガチ,,https://monchan-db.s3.ap-northeast-1.amazonaws.com/900xx/%E3%82%AB%E3%82%AC%E3%83%81%E3%83%8E%E3%82%AB%E3%82%A4%E3%83%8A.png,,2024/08/02 14:06:52,2024/10/03 17:41:34
x6e3j1e7,90005,ディープシュラム5,チャージアックス,水属性,1293,,910,,0,背水防御,1,,,,ジュラトドス,,https://monchan-db.s3.ap-northeast-1.amazonaws.com/900xx/%E3%83%87%E3%82%A3%E3%83%BC%E3%83%97%E3%82%B7%E3%83%A5%E3%83%A9%E3%83%A0.png,,2024/08/02 14:06:52,2024/10/03 17:41:20
AbShEiOt,90006,ディア=ルテミア5,チャージアックス,毒,1516,,496,,0,体力増強,2,,,,リオレイア,,https://monchan-db.s3.ap-northeast-1.amazonaws.com/900xx/%E3%83%87%E3%82%A3%E3%82%A2%3D%E3%83%AB%E3%83%86%E3%83%9F%E3%82%A2.png,,2024/08/02 14:06:52,2024/10/03 17:41:03
fT0YvD3J,90007,ディア=ヘカテリア5,チャージアックス,毒,1756,,300,,0,回避距離UP,1,,,,リオレイア亜種,,https://monchan-db.s3.ap-northeast-1.amazonaws.com/900xx/%E3%83%87%E3%82%A3%E3%82%A2%3D%E3%83%98%E3%82%AB%E3%83%86%E3%83%AA%E3%82%A2.png,,2024/08/02 14:06:52,2024/10/03 17:40:45
DlEHaDzX,90008,ルナ＝エストオレ5,チャージアックス,毒,1675,,399,,30,追い打ち【毒】,2,,,,リオレイア希少種,,https://monchan-db.s3.ap-northeast-1.amazonaws.com/900xx/%E3%83%AB%E3%83%8A%EF%BC%9D%E3%82%A8%E3%82%B9%E3%83%88%E3%82%AA%E3%83%AC.png,,2024/10/14 12:48:22,2024/10/14 12:48:22
WqvPLngM,90009,ギガフロスト5,チャージアックス,氷属性,1221,,1142,,0,精霊の加護,2,,,,レイギエナ,,https://monchan-db.s3.ap-northeast-1.amazonaws.com/900xx/%E3%82%AE%E3%82%AC%E3%83%95%E3%83%AD%E3%82%B9%E3%83%88.png,,2024/08/02 14:06:52,2024/10/03 17:23:59
QDD7Ftr1,90010,タイラントブロス5,チャージアックス,無属性,1979,,0,,0,火事場力,1,,,,ディアブロス,,https://monchan-db.s3.ap-northeast-1.amazonaws.com/900xx/%E3%82%BF%E3%82%A4%E3%83%A9%E3%83%B3%E3%83%88%E3%83%96%E3%83%AD%E3%82%B9.png,,2024/08/02 14:06:52,2024/10/03 17:23:28
oFWL2FWc,90011,タナトスフォース6,チャージアックス,無属性,2218,,0,,-30,破壊王,1,,,,ディアブロス亜種,,https://monchan-db.s3.ap-northeast-1.amazonaws.com/900xx/%E3%82%BF%E3%83%8A%E3%83%88%E3%82%B9%E3%83%95%E3%82%A9%E3%83%BC%E3%82%B9.png,,2024/08/02 14:06:52,2024/10/03 17:23:12
rS1HoRRS,90012,炎斧アクセリオン5,チャージアックス,火属性,1221,,1142,,0,耳栓,1,,,,リオレウス,,https://monchan-db.s3.ap-northeast-1.amazonaws.com/900xx/%E7%82%8E%E6%96%A7%E3%82%A2%E3%82%AF%E3%82%BB%E3%83%AA%E3%82%AA%E3%83%B3.png,,2024/08/02 14:06:52,2024/10/03 17:22:55
rZmr0EQv,90013,蒼炎斧ソウルクラトス6,チャージアックス,火属性,1682,,605,,0,SPスキル威力アップ,1,,,,リオレウス亜種,,https://monchan-db.s3.ap-northeast-1.amazonaws.com/900xx/%E8%92%BC%E7%82%8E%E6%96%A7%E3%82%BD%E3%82%A6%E3%83%AB%E3%82%AF%E3%83%A9%E3%83%88%E3%82%B9.png,,2024/08/02 14:06:52,2024/10/03 17:22:35
KDEKaFuS,90014,業火斧ヘルメスレイ5,チャージアックス,火属性,1258,,1082,,30,会心撃【属性】,2,,,,リオレウス希少種,,https://monchan-db.s3.ap-northeast-1.amazonaws.com/900xx/%E6%A5%AD%E7%81%AB%E6%96%A7%E3%83%98%E3%83%AB%E3%83%A1%E3%82%B9%E3%83%AC%E3%82%A4.png,,2024/10/14 12:44:12,2024/10/14 12:44:12
xa1OwLka,90015,ヴァイスリッター改5,チャージアックス,氷属性,1191,,910,,20,回避距離UP,1,,,,ベリオロス,,https://monchan-db.s3.ap-northeast-1.amazonaws.com/900xx/%E3%83%B4%E3%82%A1%E3%82%A4%E3%82%B9%E3%83%AA%E3%83%83%E3%82%BF%E3%83%BC%E6%94%B9.png,,2024/08/02 14:06:52,2024/10/03 17:22:11
Mn2VSImN,90016,王牙盾斧【風雷】1,チャージアックス,雷属性,1221,,1142,,0,ジャスト回避強化,1,,,,ジンオウガ,,https://monchan-db.s3.ap-northeast-1.amazonaws.com/900xx/%E7%8E%8B%E7%89%99%E7%9B%BE%E6%96%A7%E3%80%90%E9%A2%A8%E9%9B%B7%E3%80%91.png,,2024/08/02 14:06:52,2024/10/03 17:17:48
nZ0aX8JB,90017,憎しみの炎5,チャージアックス,無属性,1719,,0,,20,SPゲージ加速【ジャスト回避】,1,,,,オドガロン,,https://monchan-db.s3.ap-northeast-1.amazonaws.com/900xx/%E6%86%8E%E3%81%97%E3%81%BF%E3%81%AE%E7%82%8E.png,,2024/08/02 14:06:52,2024/10/03 17:17:12
FYluf8np,90018,死怨【グラッジ】5,チャージアックス,龍属性,1138,#REF!,1156,,20,超会心,1,,,,オドガロン亜種,,,,,
vpKif63N,90019,デストネーター5,チャージアックス,龍属性,1318,,1261,,-30,力の解放,1,,,,イビルジョー,,https://monchan-db.s3.ap-northeast-1.amazonaws.com/900xx/%E3%83%87%E3%82%B9%E3%83%88%E3%83%8D%E3%83%BC%E3%82%BF%E3%83%BC.png,,2024/08/02 14:06:52,2024/10/03 11:06:50
aw0xugE9,90020,タイタンアームズ5,チャージアックス,毒,1671,,342,,-15,火事場力,1,,,,バサルモス,,https://monchan-db.s3.ap-northeast-1.amazonaws.com/900xx/%E3%82%BF%E3%82%A4%E3%82%BF%E3%83%B3%E3%82%A2%E3%83%BC%E3%83%A0%E3%82%BA.png,,2024/08/02 14:06:52,2024/10/03 11:07:11
nfyTgU46,90021,ダオラ=ゲンム5,チャージアックス,氷属性,1553,,974,,0,狩人の結束,1,,風圧耐性,2,クシャルダオラ,,https://monchan-db.s3.ap-northeast-1.amazonaws.com/900xx/%E3%83%80%E3%82%AA%E3%83%A9%3D%E3%82%B2%E3%83%B3%E3%83%A0.png,,2024/08/02 14:06:52,2024/10/03 11:07:46
wlYa7bJd,90022,しろたへの衣斧の御帝5,チャージアックス,水属性,1138,,1156,,20,ジャスト回避強化,1,,,,タマミツネ,,https://monchan-db.s3.ap-northeast-1.amazonaws.com/900xx/%E3%81%97%E3%82%8D%E3%81%9F%E3%81%B8%E3%81%AE%E8%A1%A3%E6%96%A7%E3%81%AE%E5%BE%A1%E5%B8%9D.png,,2024/08/02 14:06:52,2024/10/03 11:08:12
iV4Befw0,90023,テオ=ノーヴァ5,チャージアックス,爆破,1684,,502,,0,狩人の結束,1,,火事場力,2,テオ・テスカトル,,https://monchan-db.s3.ap-northeast-1.amazonaws.com/900xx/%E3%83%86%E3%82%AA%3D%E3%83%8E%E3%83%BC%E3%83%B4%E3%82%A1.png,,2024/08/20 15:33:48,2024/10/05 8:47:17
Y76gL8kv,90024,禍ツ鉞ノ幽鬼グロル5,チャージアックス,爆破,1516,,496,,0,破壊王,1,,,,マガイマガド,,https://monchan-db.s3.ap-northeast-1.amazonaws.com/900xx/%E7%A6%8D%E3%83%84%E9%89%9E%E3%83%8E%E5%B9%BD%E9%AC%BC%E3%82%B0%E3%83%AD%E3%83%AB.png,,2024/10/12 22:17:18,2024/10/12 22:17:18
Nttg6Ddp,90025,金剛盾斧イカヅチ5,チャージアックス,雷属性,1318,,1261,,-30,早業,1,,,,ラージャン,,https://monchan-db.s3.ap-northeast-1.amazonaws.com/900xx/%E9%87%91%E5%89%9B%E7%9B%BE%E6%96%A7%E3%82%A4%E3%82%AB%E3%83%85%E3%83%81.png,,2024/10/12 22:14:19,2024/10/12 22:14:19
uXI9QTJu,90026,壊滅の一束5,チャージアックス,龍属性,1553,,974,,0,狩人の結束,1,,破壊王,2,ネルギガンテ,,https://monchan-db.s3.ap-northeast-1.amazonaws.com/900xx/%E5%A3%8A%E6%BB%85%E3%81%AE%E4%B8%80%E6%9D%9F.png,,2024/10/14 12:46:11,2024/10/14 12:46:11
iZ7UtsQB,90027,甲盾斧ロタシオン5,チャージアックス,麻痺,1516,,496,,0,回避距離UP,1,,,,ラングロトラ,,https://monchan-db.s3.ap-northeast-1.amazonaws.com/900xx/%E7%94%B2%E7%9B%BE%E6%96%A7%E3%83%AD%E3%82%BF%E3%82%B7%E3%82%AA%E3%83%B3.png,,,
MMg9mCO1,90028,夢幻のメロウベロウ5,チャージアックス,睡眠,1567,,496,,-15,回避距離UP,1,,,,イソネミクニ,,https://monchan-db.s3.ap-northeast-1.amazonaws.com/900xx/%E5%A4%A2%E5%B9%BB%E3%81%AE%E3%83%A1%E3%83%AD%E3%82%A6%E3%83%99%E3%83%AD%E3%82%A6.png,,,
Srt37due,90029,レックスアームズ6,チャージアックス,無属性,2198,,0,,-40,凶会心,1,,,,ティガレックス,,https://monchan-db.s3.ap-northeast-1.amazonaws.com/900xx/%E3%83%AC%E3%83%83%E3%82%AF%E3%82%B9%E3%82%A2%E3%83%BC%E3%83%A0%E3%82%BA.png,,,
R61Jren7,90030,カーサスアームズ6,チャージアックス,無属性,2198,,0,,-10,回避装填,5,,,,ティガレックス亜種,,,,,
IRsnCSHv,90031,纏盾斧ジャマカクタル5,チャージアックス,無属性,1834,,0,,10,防御の備え,1,,,,チャタカブラ,,,,,
ZsbQy5Uq,90032,灼炎のディマンダー改5,チャージアックス,火属性,1318,,1261,,-30,凶会心,1,,,,ディノバルド,,,,,
wY47qsDc,90033,幻想のクリズモス5,チャージアックス,毒,1741,,505,,0,狩人の結束,1,,闇討ち【状態異常】,2,オオナズチ,,https://monchan-db.s3.ap-northeast-1.amazonaws.com/900xx/%E5%B9%BB%E6%83%B3%E3%81%AE%E3%82%AF%E3%83%AA%E3%82%BA%E3%83%A2%E3%82%B9.png,,,
iUxWxiNi,90034,ディープシュネーゲル7,チャージアックス,氷属性,1293,,910,,0,勇猛,1,,,,ブラントドス,,,,,
nksoxvav,90035,ヒドゥンガーディアン6,チャージアックス,無属性,1738,,0,,40,死中に活,2,,,,ナルガクルガ,,,,,
S8foogS5,90036,ヒュドロスカルディア5,チャージアックス,水属性,1328,,1074,,20,狩人の結束,1,,弱点特効,1,ネロミェール,,,,,
bSLSHkfT,90037,冷たき月の盾斧改5,チャージアックス,氷属性,1020,,1173,,0,ハイチャージ【氷】,1,,,,ルナガロン,,,,,
o4kEkJ8w,90038,ゴルム・ハート改5,チャージアックス,無属性,1979,,0,,0,果敢,1,,,,ガランゴルム,,,,,
MClTclSi,90039,ローゼンリューペー改5,チャージアックス,毒,1756,,282,,20,破壊王【SPスキル】,2,,,,エスピナス,,,,,
YTztd4aQ,90040,血焉のアードラ5,チャージアックス,龍属性,1205,,1305,,0,狩人の結束,1,,ハイチャージ【龍】,1,メル・ゼナ,,,,,
JYXFVG2z,90041,ゴシャガガシャ5,チャージアックス,氷属性,1311,,1200,,-30,凶会心,1,,,,ゴシャハギ,,,,,
fNpTng4m,90042,霹雷斧アムガラクレス5,チャージアックス,雷属性,1138,,1156,,20,雷属性攻撃強化,1,,,,ライゼクス,,,,,
vtYWS00F,90043,カーニバル2024アームズ7,チャージアックス,爆破,1623,,313,,0,防御,2,,,,なし,,https://monchan-db.s3.ap-northeast-1.amazonaws.com/900xx/%E3%82%AB%E3%83%BC%E3%83%8B%E3%83%90%E3%83%AB2024%E3%82%A2%E3%83%BC%E3%83%A0%E3%82%BA.png,,2024/10/14 12:53:01,2024/10/18 10:04:55
LQx80Asu,90044,ハードボーンアームズ5,チャージアックス,無属性,1596,,0,,0,SPゲージ加速,1,,,,なし,,https://monchan-db.s3.ap-northeast-1.amazonaws.com/900xx/%E3%83%8F%E3%83%BC%E3%83%89%E3%83%9C%E3%83%BC%E3%83%B3%E3%82%A2%E3%83%BC%E3%83%A0%E3%82%BA.png,,2024/08/02 14:06:52,2024/10/03 11:08:35
XAY8oA14,90045,エスペラアームズ5,チャージアックス,無属性,1878,,0,,0,ロックオン,1,,,,なし,,,,,
DxAQfW6R,90046,エッグトイアームズ8,チャージアックス,無属性,1893,,0,,0,エッグブースト,1,,,,なし,,,,,
QrcljOtC,91001,スティールブレード５,操虫棍,無属性,1912,,0,,0,毒耐性,2,,,,なし,,,,,
DRy8GwWD,91002,アルノーラス５,操虫棍,無属性,1912,,0,,30,不屈,2,,,,クルルヤック,,,,,
sfQAF0f6,91003,ダチュラブレード５,操虫棍,毒,1912,,417,,0,闇討ち,1,,,,プケプケ,,,,,
F4IlFfI8,91004,ラグーナグレイブ６,操虫棍,水属性,1463,,1420,,0,耳栓,1,,,,プケプケ亜種,,,,,
czbMvSnh,91005,カガチノハシラ５,操虫棍,雷属性,1549,,1131,,0,回避距離UP,1,,,,トビカガチ,,,,,
hS45yKx7,91006,ベニカガチノマヒバシラ６,操虫棍,麻痺,2127,,364,,10,連撃,1,,連撃・境地,1,トビカガチ亜種,,,,,
gunuj7VM,91007,ニュクスブレード６,操虫棍,睡眠,2103,,312,,0,闇討ち,1,,,,パオウルムー亜種,,,,,
AvEKVGhG,91008,ウォーターグレイブ５,操虫棍,水属性,1549,,1131,,0,背水防御,1,,,,ジュラトドス,,,,,
QX0zgmhm,91009,フラムエルカラモス改５,操虫棍,火属性,1549,,1131,,0,尻上がり,1,,,,アンジャナフ,,,,,
EBEeDuVn,91010,雷顎棍ドネルカラモス改５,操虫棍,雷属性,1434,,1434,,20,会心撃【属性】,1,,,,アンジャナフ亜種,,,,,
eXJXA4AO,91011,クイーンレガリア５,操虫棍,毒,1817,,516,,0,体力増強,2,,,,リオレイア,,,,,
FKjamo5x,91012,フリーズゲイル５,操虫棍,氷属性,1463,,1420,,0,精霊の加護,2,,,,レイギエナ,,,,,
rWl9pATD,91013,タイラントグレイブ５,操虫棍,無属性,2371,,0,,0,火事場力,1,,,,ディアブロス,,,,,
v6ShgzHI,91014,タナトスグレイブ６,操虫棍,無属性,2658,,0,,-30,破壊王,1,,,,ディアブロス亜種,,,,,
aPXZxSgY,91015,火竜棍５,操虫棍,火属性,1463,,1420,,0,耳栓,1,,,,リオレウス,,,,,
of6a1sUk,91016,蒼炎棍【飛翔】６,操虫棍,火属性,2015,,752,,0,SPスキル威力UP,1,,,,リオレウス亜種,,,,,
efnvkCCx,91017,繚乱の輝竜戟５,操虫棍,火属性,1507,,1345,,30,会心撃【属性】,2,,追い打ち【毒】,1,リオレウス希少種,,,,,
Q8ZSiL0v,91018,アンバーハーケン改５,操虫棍,氷属性,1426,,1131,,20,回避距離UP,1,,,,ベリオロス,,,,,
fsai0RXM,91019,王牙棍【別雷】１,操虫棍,雷属性,1463,,1420,,0,ジャスト回避強化,1,,,,ジンオウガ,,,,,
gi1KM4fh,91020,デステリオバーラ５,操虫棍,雷属性,1903,,785,,0,ロックオン,1,,,,ツィツィヤック,,,,,
Qrk00c26,91021,惑いの三鈷杵５,操虫棍,無属性,2059,,0,,20,SPゲージ加速【ジャスト回避】,1,,,,オドガロン,,,,,
wyaoAJVY,91022,死線【デッドライン】５,操虫棍,龍属性,1363,,1436,,20,超会心,1,,,,オドガロン亜種,,,,,
e898WvRa,91023,グランジストーム５,操虫棍,龍属性,1579,,1568,,-30,邁進,2,,,,イビルジョー,,,,,
ywT2UvRU,91024,フルボルトチャンバー５,操虫棍,雷属性,1429,,1134,,20,フルチャージ,1,,,,フルフル,,,,,
DAhqGk0Y,91025,クイド＝ダオラ５,操虫棍,氷属性,1861,,1210,,0,狩人の結束,1,,風圧耐性,2,クシャルダオラ,,,,,
hNCAsWLf,91026,すがのねの長薙の巴５,操虫棍,水属性,1363,,1436,,20,ジャスト回避強化,1,,,,タマミツネ,,,,,
GMJEuoVh,91027,暁の潰棍シルラテス５,操虫棍,火属性,1903,,785,,0,ロックオン,1,,,,アケノシルム,,,,,
LoAcy905,91028,禍ツ鉾ノ幽鬼ギネーヴ５,操虫棍,爆破,1817,,516,,0,破壊王,1,,,,マガイマガド,,,,,
LsE1ddsF,91029,金砕棍ゴーデンライ５,操虫棍,雷属性,1579,,1568,,-30,軽巧,2,,,,ラージャン,,,,,
jriZsgIk,91030,撲滅の導灯５,操虫棍,龍属性,1861,,1210,,0,狩人の結束,1,,破壊王,2,ネルギガンテ,,,,,
LkNxYSOk,91031,アウリスギドゥス５,操虫棍,氷属性,1903,,785,,0,ロックオン,1,,,,ウルクスス,,,,,
nIJAq7rl,91032,夢幻のメロウフラウ５,操虫棍,睡眠,1878,,516,,-15,回避距離UP,1,,,,イソネミクニ,,,,,
upbWdgxe,91033,レックスロッド６,操虫棍,無属性,2633,,0,,-40,凶会心,1,,,,ティガレックス,,,,,
nHXdUYX5,91034,カーサスロッド６,操虫棍,無属性,2633,,0,,-10,強化持続,3,,,,ティガレックス亜種,,,,,
blkzJaWM,91035,藍の稲光５,操虫棍,雷属性,1444,,1622,,0,狩人の結束,1,,力の解放,1,キリン,,,,,
gOuWXcP3,91036,チャタロッド９,操虫棍,無属性,2197,,0,,10,防御の備え,1,,,,チャタカブラ,,,,,
F4CJgo7B,91037,灼炎のテウザー改５,操虫棍,火属性,1579,,1568,,-30,凶会心,1,,,,ディノバルド,,,,,
g4TsluPf,91038,ヘイズキャスター５,操虫棍,毒,2086,,526,,0,狩人の結束,1,,闇討ち【状態異常】,2,オオナズチ,,,,,
E4j19LM6,91039,ブラングレイヴ７,操虫棍,氷属性,1549,,1131,,0,勇猛,1,,,,ブラントドス,,,,,
SyPkRiVf,91040,ヒドゥンケイン６,操虫棍,無属性,2186,,0,,40,死中に活,2,,,,ナルガクルガ,,,,,
MaxdYn3j,91041,ヒュドロスアーケーン５,操虫棍,水属性,1591,,1335,,20,狩人の結束,1,,弱点特効,1,ネロミェール,,,,,
y67Bp9SG,91042,ゴルム・グレイヴ改５,操虫棍,無属性,2371,,0,,0,果敢,1,,,,ガランゴルム,,,,,
w48uA6qJ,91043,冷たき月の双刃棍改５,操虫棍,氷属性,1222,,1458,,0,ハイチャージ【氷】,1,,,,ルナガロン,,,,,
OnzLQm03,91044,ローゼンシュタンゲ改５,操虫棍,火属性,1434,,1434,,20,破壊王【SPスキル】,2,,,,エスピナス,,,,,
IJpvLPf2,91045,笞打ちのシュトック５,操虫棍,龍属性,1444,,1622,,0,狩人の結束,1,,ハイチャージ【龍】,1,メル・ゼナ,,,,,
DtBaskQW,91046,ゴシャガボコォ５,操虫棍,氷属性,1570,,1492,,-30,凶会心,1,,,,ゴシャハギ,,,,,
E8zb5fdA,91047,雷牙の霆竜棍改５,操虫棍,雷属性,1363,,1436,,20,雷属性攻撃強化,1,,,,ライゼクス,,,,,
GteAEFHF,91048,キーラアルティール改５,操虫棍,無属性,2335,,0,,30,攻撃活性,1,,,,セルレギオス,,,,,
AmETom1t,91049,ハードボーンロッド５,操虫棍,無属性,1912,,0,,0,SPゲージ加速,1,,,,なし,,,,,
c103BdPk,91050,エスペラロッド５,操虫棍,無属性,1878,,0,,0,ロックオン,1,,,,なし,,,,,
SnQRuCng,100001,ハイチェーンブリッツ5,ライトボウガン,無属性,1596,,0,,0,毒耐性,2,,,,なし,,https://monchan-db.s3.ap-northeast-1.amazonaws.com/1000xx/%E3%83%8F%E3%82%A4%E3%83%81%E3%82%A7%E3%83%BC%E3%83%B3%E3%83%96%E3%83%AA%E3%83%83%E3%83%84.png,,2024/08/03 9:29:34,2024/10/17 20:34:16
eEYqWn7h,100002,ジャグラスファイア5,ライトボウガン,水属性,1373,,607,,0,体力増強,2,,,,ドスジャグラス,,https://monchan-db.s3.ap-northeast-1.amazonaws.com/1000xx/%E3%82%B8%E3%83%A3%E3%82%B0%E3%83%A9%E3%82%B9%E3%83%95%E3%82%A1%E3%82%A4%E3%82%A2.png,,2024/08/03 9:29:34,2024/10/17 20:34:45
bBaXjuSf,100003,ラグーナブリッツ6,ライトボウガン,水属性,1221,,1142,,0,耳栓,1,,,,プケプケ亜種,,https://monchan-db.s3.ap-northeast-1.amazonaws.com/1000xx/%E3%83%A9%E3%82%B0%E3%83%BC%E3%83%8A%E3%83%96%E3%83%AA%E3%83%83%E3%83%84.png,,2024/08/03 9:29:34,2024/10/17 22:36:49
hfbOcPkY,100004,ボルボショット5,ライトボウガン,無属性,1756,,0,,0,防御,2,,,,ボルボロス,,https://monchan-db.s3.ap-northeast-1.amazonaws.com/1000xx/%E3%83%9C%E3%83%AB%E3%83%9C%E3%82%B7%E3%83%A7%E3%83%83%E3%83%88.png,,2024/08/03 9:29:34,2024/12/06 20:45:33
My4AHj0K,100005,ライトニングブリッツ5,ライトボウガン,雷属性,1293,,910,,0,回避距離UP,1,,,,トビカガチ,,https://monchan-db.s3.ap-northeast-1.amazonaws.com/1000xx/%E3%83%A9%E3%82%A4%E3%83%88%E3%83%8B%E3%83%B3%E3%82%B0%E3%83%96%E3%83%AA%E3%83%83%E3%83%84.png,,2024/08/03 9:29:34,2024/10/17 20:35:33
QKunYw1s,100006,ウルムーティフォン5,ライトボウガン,無属性,1764,,0,,0,精霊の加護,2,,,,パオウルムー,,https://monchan-db.s3.ap-northeast-1.amazonaws.com/1000xx/%E3%82%A6%E3%83%AB%E3%83%A0%E3%83%BC%E3%83%86%E3%82%A3%E3%83%95%E3%82%A9%E3%83%B3.png,,2024/08/03 9:29:34,2024/10/17 20:36:01
T1FM3gAZ,100007,ナイトメアシード6,ライトボウガン,無属性,1979,,0,,0,闇討ち,1,,,,パオウルムー亜種,,https://monchan-db.s3.ap-northeast-1.amazonaws.com/1000xx/%E3%83%8A%E3%82%A4%E3%83%88%E3%83%A1%E3%82%A2%E3%82%B7%E3%83%BC%E3%83%89.png,,2024/08/03 9:29:34,2024/10/17 20:36:21
njKWFlwi,100008,シュラムバレット5,ライトボウガン,水属性,1293,,910,,0,背水防御,1,,,,ジュラトドス,,https://monchan-db.s3.ap-northeast-1.amazonaws.com/1000xx/%E3%82%B7%E3%83%A5%E3%83%A9%E3%83%A0%E3%83%90%E3%83%AC%E3%83%83%E3%83%88.png,,2024/08/03 9:29:34,2024/10/18 10:17:24
IXpuST0B,100009,ジャナフバスター5,ライトボウガン,火属性,1293,,910,,0,尻上がり,1,,,,アンジャナフ,,https://monchan-db.s3.ap-northeast-1.amazonaws.com/1000xx/%E3%82%B8%E3%83%A3%E3%83%8A%E3%83%95%E3%83%90%E3%82%B9%E3%82%BF%E3%83%BC.png,,2024/08/03 9:29:34,2024/10/18 10:16:55
hSYYmxmY,100010,バル=ジャナール6,ライトボウガン,雷属性,1203,,1278,,-40,凶会心,1,,,,アンジャナフ亜種,,,,,
mnc0Cco0,100011,ゴールドヴァルキリー5,ライトボウガン,無属性,1993,,0,,30,追い打ち【毒】,2,,,,リオレイア希少種,,https://monchan-db.s3.ap-northeast-1.amazonaws.com/1000xx/%E3%82%B4%E3%83%BC%E3%83%AB%E3%83%89%E3%83%B4%E3%82%A1%E3%83%AB%E3%82%AD%E3%83%AA%E3%83%BC.png,,2024/10/14 13:03:25,2024/10/14 13:03:25
we4hjuyx,100012,フロストブリッツ5,ライトボウガン,氷属性,1221,,1142,,0,精霊の加護,2,,,,レイギエナ,,https://monchan-db.s3.ap-northeast-1.amazonaws.com/1000xx/%E3%83%95%E3%83%AD%E3%82%B9%E3%83%88%E3%83%96%E3%83%AA%E3%83%83%E3%83%84.png,,2024/08/03 9:29:34,2024/10/03 17:32:51
RLWoJdGp,100013,レウスバスター5,ライトボウガン,火属性,1221,,1142,,0,耳栓,1,,,,リオレウス,,https://monchan-db.s3.ap-northeast-1.amazonaws.com/1000xx/%E3%83%AC%E3%82%A6%E3%82%B9%E3%83%90%E3%82%B9%E3%82%BF%E3%83%BC.png,,2024/08/03 9:29:34,2024/10/17 22:36:28
LDldW8kf,100014,蒼炎弩ソウルバスター6,ライトボウガン,火属性,1682,,605,,0,SPスキル威力アップ,1,,,,リオレウス亜種,,https://monchan-db.s3.ap-northeast-1.amazonaws.com/1000xx/%E8%92%BC%E7%82%8E%E5%BC%A9%E3%82%BD%E3%82%A6%E3%83%AB%E3%83%90%E3%82%B9%E3%82%BF%E3%83%BC.png,,2024/08/03 9:29:34,2024/10/17 20:36:42
OT9FXGEH,100015,煌竜弩シルバーレイ5,ライトボウガン,火属性,1258,,1082,,30,会心撃【属性】,2,,,,リオレウス希少種,,https://monchan-db.s3.ap-northeast-1.amazonaws.com/1000xx/%E7%85%8C%E7%AB%9C%E5%BC%A9%E3%82%B7%E3%83%AB%E3%83%90%E3%83%BC%E3%83%AC%E3%82%A4.png,,2024/10/14 12:57:38,2024/10/14 12:57:38
R1payjTC,100016,巨牛の大弩8,ライトボウガン,無属性,1764,,0,,0,体幹強化,2,,,,バフバロ,,https://monchan-db.s3.ap-northeast-1.amazonaws.com/1000xx/%E5%B7%A8%E7%89%9B%E3%81%AE%E5%A4%A7%E5%BC%A9.png,,2024/08/03 9:29:34,2024/10/17 12:49:08
rCPAFL3T,100017,ブリザードカノン改5,ライトボウガン,氷属性,1191,,910,,20,回避距離UP,1,,,,ベリオロス,,https://monchan-db.s3.ap-northeast-1.amazonaws.com/1000xx/%E3%83%96%E3%83%AA%E3%82%B6%E3%83%BC%E3%83%89%E3%82%AB%E3%83%8E%E3%83%B3%E6%94%B9.png,,2024/08/03 9:29:34,2024/10/17 12:48:46
oCDMzRW2,100018,王弩ライカン改5,ライトボウガン,雷属性,1221,,1142,,0,ジャスト回避強化,1,,,,ジンオウガ,,https://monchan-db.s3.ap-northeast-1.amazonaws.com/1000xx/%E7%8E%8B%E5%BC%A9%E3%83%A9%E3%82%A4%E3%82%AB%E3%83%B3%E6%94%B9.png,,2024/08/03 9:29:34,2024/10/17 12:48:20
VOAXWpNq,100019,宿命の火5,ライトボウガン,無属性,1719,,0,,20,SPゲージ加速【ジャスト回避】,1,,,,オドガロン,,https://monchan-db.s3.ap-northeast-1.amazonaws.com/1000xx/%E5%AE%BF%E5%91%BD%E3%81%AE%E7%81%AB.png,,2024/08/03 9:29:34,2024/10/17 10:38:54
hvxfHm0T,100020,死霊【ゴースト】5,ライトボウガン,龍属性,1138,,1156,,20,超会心,1,,,,オドガロン亜種,,,,,
nf4NM5ko,100021,マッドネスグリーフ5,ライトボウガン,龍属性,1318,,1261,,-30,尻上がり,2,,,,イビルジョー,,https://monchan-db.s3.ap-northeast-1.amazonaws.com/1000xx/%E3%83%9E%E3%83%83%E3%83%89%E3%83%8D%E3%82%B9%E3%82%B0%E3%83%AA%E3%83%BC%E3%83%95.png,,2024/08/03 9:29:34,2024/12/06 20:45:10
yWRQWD4z,100022,グレネードリボルバー5,ライトボウガン,火属性,1666,,527,,-15,火事場力,1,,,,バサルモス,,https://monchan-db.s3.ap-northeast-1.amazonaws.com/1000xx/%E3%82%B0%E3%83%AC%E3%83%8D%E3%83%BC%E3%83%89%E3%83%AA%E3%83%9C%E3%83%AB%E3%83%90%E3%83%BC.png,,2024/08/03 9:29:34,2024/12/06 20:44:16
ZNezHySS,100023,フルーミィシリンジ5,ライトボウガン,雷属性,1194,,913,,20,フルチャージ,1,,,,フルフル,,https://monchan-db.s3.ap-northeast-1.amazonaws.com/1000xx/%E3%83%95%E3%83%AB%E3%83%BC%E3%83%9F%E3%82%A3%E3%82%B7%E3%83%AA%E3%83%B3%E3%82%B8.png,,2024/08/03 9:29:34,2024/12/06 20:44:45
VYzdXIdN,100024,ホーネス=ダオラ5,ライトボウガン,氷属性,1553,,974,,0,狩人の結束,1,,風圧耐性,2,クシャルダオラ,,https://monchan-db.s3.ap-northeast-1.amazonaws.com/1000xx/%E3%83%9B%E3%83%BC%E3%83%8D%E3%82%B9%3D%E3%83%80%E3%82%AA%E3%83%A9.png,,2024/08/03 9:29:34,2024/10/03 16:34:00
ZTwHnop6,100025,あまとぶや軽弩の水珠5,ライトボウガン,水属性,1138,,1156,,20,ジャスト回避強化,1,,,,タマミツネ,,https://monchan-db.s3.ap-northeast-1.amazonaws.com/1000xx/%E3%81%82%E3%81%BE%E3%81%A8%E3%81%B6%E3%82%84%E8%BB%BD%E5%BC%A9%E3%81%AE%E6%B0%B4%E7%8F%A0.png,,2024/08/03 9:29:34,2024/10/03 16:33:22
jGZtVAvy,100026,炎王焔弩【烈火】5,ライトボウガン,火属性,1553,,974,,0,狩人の結束,1,,火事場力,2,テオ・テスカトル,,https://monchan-db.s3.ap-northeast-1.amazonaws.com/1000xx/%E7%82%8E%E7%8E%8B%E7%84%94%E5%BC%A9%E3%80%90%E7%83%88%E7%81%AB%E3%80%91.png,,2024/10/14 12:58:48,2024/10/14 12:58:48
Bsnbgk5t,100027,禍ツ弩ノ幽鬼ドシュー5,ライトボウガン,無属性,1878,,0,,0,破壊王,1,,,,マガイマガド,,,,2024/10/12 22:25:50,2024/10/18 9:55:20
C0cHtkQi,100028,金獅子筒【万雷】5,ライトボウガン,雷属性,1318,,1261,,-30,砲術,1,,,,ラージャン,,https://monchan-db.s3.ap-northeast-1.amazonaws.com/1000xx/%E9%87%91%E7%8D%85%E5%AD%90%E7%AD%92%E3%80%90%E4%B8%87%E9%9B%B7%E3%80%91.png,,,
ctDkDx4F,100029,破滅の引金5,ライトボウガン,龍属性,1553,,974,,0,狩人の結束,1,,破壊王,2,ネルギガンテ,,https://monchan-db.s3.ap-northeast-1.amazonaws.com/1000xx/%E7%A0%B4%E6%BB%85%E3%81%AE%E5%BC%95%E9%87%91.png,,2024/10/14 13:00:42,2024/10/14 13:00:42
S5BN8RHA,100030,レックスファイア6,ライトボウガン,無属性,2198,,0,,-40,凶会心,1,,,,ティガレックス,,,,,
ReTXOy79,100031,カーサスファイア6,ライトボウガン,無属性,2198,,0,,-10,弾導強化,3,,,,ティガレックス亜種,,,,,
ywhdwWvy,100032,幻獣筒5,ライトボウガン,雷属性,1205,,1305,,0,狩人の結束,1,,力の解放,1,キリン,,,,,
IFsQelqn,100033,バゼルタイフーン6,ライトボウガン,火属性,1318,,1261,,-30,回避装填,2,,,,バゼルギウス,,,,,
TMRRHbZU,100034,ディノブリッツ6,ライトボウガン,火属性,1318,,1261,,-30,凶会心,1,,,,ディノバルド,,,,,
dzAeJuiu,100035,マジナイランプ5,ライトボウガン,無属性,2041,,0,,0,狩人の結束,1,,闇討ち,2,オオナズチ,,,,,
HSPovCBo,100036,大天具・花銃グセ5,ライトボウガン,無属性,1764,,0,,0,グループハント強化【攻撃】,2,,,,ビシュテンゴ,,,,,
nhk1xVjh,100037,ブランシューター7,ライトボウガン,氷属性,1293,,910,,0,勇猛,1,,,,ブラントドス,,,,,
tBZsdGl0,100038,ヒドゥンバレット6,ライトボウガン,無属性,1738,,0,,40,死中に活,2,,,,ナルガクルガ,,,,,
EqHZZnIE,100039,ネロ・アクチヌラ5,ライトボウガン,水属性,1328,,1074,,20,狩人の結束,1,,弱点特効,1,ネロミェール,,,,,
vcZ2R0OH,100040,冷たき月の狼弩改5,ライトボウガン,氷属性,1020,,1173,,0,ハイチャージ【氷】,1,,,,ルナガロン,,,,,
QyHvrASD,100041,ゴルム・アサルト改5,ライトボウガン,無属性,1979,,0,,0,果敢,1,,,,ガランゴルム,,,,,
TAUfRqtR,100042,ローゼンゲヴェーア改5,ライトボウガン,火属性,1197,,1154,,20,破壊王【SPスキル】,2,,,,エスピナス,,,,,
Eh1z7dnJ,100043,葬銀のクーゲル5,ライトボウガン,龍属性,1205,,1305,,0,狩人の結束,1,,ハイチャージ【龍】,1,メル・ゼナ,,,,,
sSgGOjgw,100044,ゴシャガバァン5,ライトボウガン,氷属性,1311,,1200,,-30,凶会心,1,,,,ゴシャハギ,,,,,
pjsq3Ezf,100045,サージ雷竜砲【翠雷】改5,ライトボウガン,雷属性,1138,,1156,,20,雷属性攻撃強化,1,,,,ライゼクス,,,,,
FIYnSIio,100046,カーニバル2024ライフル7,ライトボウガン,無属性,1878,,0,,0,防御,2,,,,なし,,https://monchan-db.s3.ap-northeast-1.amazonaws.com/1000xx/%E3%82%AB%E3%83%BC%E3%83%8B%E3%83%90%E3%83%AB2024%E3%83%A9%E3%82%A4%E3%83%95%E3%83%AB.png,,2024/10/14 13:04:37,2024/10/17 10:35:54
EzBWefEi,100047,パワーライフル5,ライトボウガン,無属性,1596,,0,,0,SPゲージ加速,1,,,,なし,,https://monchan-db.s3.ap-northeast-1.amazonaws.com/1000xx/%E3%83%91%E3%83%AF%E3%83%BC%E3%83%A9%E3%82%A4%E3%83%95%E3%83%AB.png,,2024/08/03 9:29:34,2024/10/05 8:50:42
TMovJepA,100048,福来の軽弩6,ライトボウガン,龍属性,1221,,1142,,0,KO術,2,,,,なし,,,※生産・強化に必要な枚数：20枚,,
e1zmD2K5,100049,エスペラバレット5,ライトボウガン,無属性,1878,,0,,0,ジャスト回避強化,1,,,,なし,,,ホープ武器生産チケット,,
qBj64qg2,110001,スティールアサルト5,ヘビィボウガン,無属性,1596,,0,,0,毒耐性,2,,,,なし,,,,2024/09/27 23:59:48,2024/10/05 9:06:52
JgsrX6jz,110002,ジャグラスキャノン5,ヘビィボウガン,水属性,1373,,607,,0,体力増強,2,,,,ドスジャグラス,,,,2024/10/02 9:48:51,2024/10/17 20:31:08
gab0jw6l,110003,ダチュラブラスター5,ヘビィボウガン,無属性,1756,,0,,0,闇討ち,1,,,,プケプケ,,,,2024/10/02 9:58:19,2024/10/17 20:31:30
Nh1pgM2d,110004,ラグーナブラスター6,ヘビィボウガン,水属性,1221,,1142,,0,耳栓,1,,,,プケプケ亜種,,,,2024/10/03 18:18:44,2024/10/17 20:33:34
vPF4Kpyw,110005,カガチノシシ5,ヘビィボウガン,雷属性,1293,,910,,0,回避距離UP,1,,,,トビカガチ,,,,2024/10/03 18:20:28,2024/10/18 9:55:43
QmnhUYsX,110006,ナイトメアキャノン6,ヘビィボウガン,無属性,1979,,0,,0,闇討ち,1,,,,パオウルムー亜種,,,,2024/10/03 18:21:14,2024/10/18 9:56:06
r727aS8m,110007,ウォーターキャノン5,ヘビィボウガン,水属性,1293,,910,,0,背水防御,1,,,,ジュラトドス,,https://monchan-db.s3.ap-northeast-1.amazonaws.com/1100xx/%E3%82%A6%E3%82%A9%E3%83%BC%E3%82%BF%E3%83%BC%E3%82%AD%E3%83%A3%E3%83%8E%E3%83%B3.png,,2024/10/03 20:12:41,2024/10/18 10:10:13
MRn3EUiH,110008,フラムエルテルマ5,ヘビィボウガン,火属性,1293,,910,,0,尻上がり,1,,,,アンジャナフ,,,,2024/10/03 20:14:06,2024/10/18 10:09:53
yuRU4IuT,110009,雷顎重弩ドネルテルマ改5,ヘビィボウガン,雷属性,1203,,1278,,-40,凶会心,1,,,,アンジャナフ亜種,,,,,
F4DQEVBS,110010,妃竜砲【飛撃】5,ヘビィボウガン,無属性,1878,,0,,0,体力増強,2,,,,リオレイア,,,,2024/10/03 20:27:25,2024/10/03 20:27:25
UzD7mvDn,110011,月華妃竜砲【煌撃】5,ヘビィボウガン,無属性,1993,,0,,30,追い打ち【毒】,2,,,,リオレイア希少種,,,,2024/10/14 18:44:10,2024/10/17 10:33:58
vlHubmEG,110012,ロゼッテス改5,ヘビィボウガン,氷属性,1221,,1142,,0,精霊の加護,2,,,,レイギエナ,,,,2024/10/03 20:28:20,2024/10/03 20:28:20
N4pm4OhN,110013,デュエルスタッブ5,ヘビィボウガン,無属性,1979,,0,,0,火事場力,1,,,,ディアブロス,,,,2024/10/03 20:30:13,2024/10/03 20:30:13
I5ZY3zgz,110014,カーディアーカ5,ヘビィボウガン,無属性,2218,,0,,-30,破壊王,1,,,,ディアブロス亜種,,https://monchan-db.s3.ap-northeast-1.amazonaws.com/1100xx/%E3%82%AB%E3%83%BC%E3%83%87%E3%82%A3%E3%82%A2%E3%83%BC%E3%82%AB.png,,2024/10/03 20:34:46,2024/10/03 20:34:46
CHk1TFRU,110015,バルキンキャノン5,ヘビィボウガン,無属性,1756,,0,,0,防御,2,,,,ラドバルキン,,,,2024/10/03 20:37:35,2024/10/03 20:37:35
maR9LvWh,110016,アイシクルアサルト7,ヘビィボウガン,氷属性,1191,,910,,20,回避距離UP,1,,,,ベリオロス,,https://monchan-db.s3.ap-northeast-1.amazonaws.com/1100xx/%E3%82%A2%E3%82%A4%E3%82%B7%E3%82%AF%E3%83%AB%E3%82%A2%E3%82%B5%E3%83%AB%E3%83%88.png,,2024/10/03 20:38:35,2024/10/18 10:07:44
HIau5NlN,110017,王牙砲【震雷】1,ヘビィボウガン,雷属性,1221,,1142,,0,ジャスト回避強化,1,,,,ジンオウガ,,,,2024/10/05 0:17:04,2024/10/05 0:17:04
wA7faU7o,110018,アルマデステリオ5,ヘビィボウガン,雷属性,1588,,632,,0,ガード性能,1,,,,ツィツィヤック,,https://monchan-db.s3.ap-northeast-1.amazonaws.com/1100xx/%E3%82%A2%E3%83%AB%E3%83%9E%E3%83%87%E3%82%B9%E3%83%86%E3%83%AA%E3%82%AA.png,,2024/10/05 0:18:14,2024/10/18 10:04:22
isEPsEZK,110019,アンフィニグラ5,ヘビィボウガン,龍属性,1318,,1261,,-30,装填防御,1,,,,イビルジョー,,https://monchan-db.s3.ap-northeast-1.amazonaws.com/1100xx/%E3%82%A2%E3%83%B3%E3%83%95%E3%82%A3%E3%83%8B%E3%82%B0%E3%83%A9.png,,2024/10/05 0:19:57,2024/10/18 10:03:59
GVzaaNJl,110020,アースイーター5,ヘビィボウガン,火属性,1666,,527,,-15,火事場力,1,,,,バサルモス,,https://monchan-db.s3.ap-northeast-1.amazonaws.com/1100xx/%E3%82%A2%E3%83%BC%E3%82%B9%E3%82%A4%E3%83%BC%E3%82%BF%E3%83%BC.png,,2024/10/05 0:20:56,2024/10/18 10:02:43
UcRm2pdZ,110021,グラン＝ダオラ5,ヘビィボウガン,氷属性,1553,,974,,0,狩人の結束,1,,風圧耐性,2,クシャルダオラ,,,,2024/10/05 0:22:15,2024/10/18 10:02:22
hynvaBMh,110022,あしひきの山砲の御車5,ヘビィボウガン,水属性,1138,,1156,,20,ジャスト回避強化,1,,,,タマミツネ,,https://monchan-db.s3.ap-northeast-1.amazonaws.com/1100xx/%E3%81%82%E3%81%97%E3%81%B2%E3%81%8D%E3%81%AE%E5%B1%B1%E7%A0%B2%E3%81%AE%E5%BE%A1%E8%BB%8A.png,,2024/10/12 22:36:13,2024/10/18 9:50:58
Jnw9FlTU,110023,テオ＝フランマルス5,ヘビィボウガン,火属性,1553,,974,,0,狩人の結束,1,,火事場力,2,テオ・テスカトル,,,,2024/10/05 0:25:01,2024/10/18 10:01:44
mPKYyhfo,110024,禍ツ大筒ノ幽鬼セッド5,ヘビィボウガン,無属性,1878,,0,,0,破壊王,1,,,,マガイマガド,,,,2024/10/05 0:28:52,2024/10/05 0:28:52
jQZjO84f,110025,金獅子砲【重雷】5,ヘビィボウガン,雷属性,1318,,1261,,-30,攻めの守勢,2,,,,ラージャン,,,,2024/10/05 0:30:10,2024/10/05 0:30:10
NGWDxbrG,110026,撃滅の砲火5,ヘビィボウガン,龍属性,1553,,974,,0,狩人の結束,1,,破壊王,2,ネルギガンテ,,,,2024/10/14 18:41:50,2024/10/17 10:34:22
knmbjUJ9,110027,スレイペンギング5,ヘビィボウガン,氷属性,1588,,632,,0,ガード性能,1,,,,ウルクスス,,,,,
RPTWKJgS,110028,転弩エイトボール5,ヘビィボウガン,無属性,1878,,0,,0,回避距離UP,1,,,,ラングロトラ,,,,,
ScNFR6Iq,110029,レックスハウル改5,ヘビィボウガン,無属性,2198,,0,,-40,凶会心,1,,,,ティガレックス,,,,,
NecWb6zh,110030,カーサスハウリング6,ヘビィボウガン,無属性,2198,,0,,-10,装填防御,3,,,,ティガレックス亜種,,,,,
PRswmav9,110031,クイックキャスト5,ヘビィボウガン,雷属性,1205,,1305,,0,狩人の結束,1,,力の解放,1,キリン,,https://monchan-db.s3.ap-northeast-1.amazonaws.com/1100xx/%E3%82%AF%E3%82%A4%E3%83%83%E3%82%AF%E3%82%AD%E3%83%A3%E3%82%B9%E3%83%88.png,,,
LP0DZPAK,110032,纏砲モッティカマン5,ヘビィボウガン,無属性,1834,,0,,10,防御の備え,1,,,,チャタカブラ,,,,,
Z50nXZJI,110033,青熊轟筒【川漁】5,ヘビィボウガン,無属性,1971,,0,,-20,SPスキル威力アップ,2,,,,アオアシラ,,,,,
CKpsyawd,110034,灼炎のイグナー6,ヘビィボウガン,火属性,1318,,1261,,-30,凶会心,1,,,,ディノバルド,,,,,
oBFAkDWN,110035,カーマヒトバーレ5,ヘビィボウガン,無属性,2041,,0,,0,狩人の結束,1,,闇討ち,2,オオナズチ,,,,,
ecDtWnfM,110036,大天具・杖弩ジゾウ5,ヘビィボウガン,無属性,1764,,0,,0,グループハント強化【攻撃】,2,,,,ビシュテンゴ,,,,,
d5VvGsaN,110037,ヒドゥンスナイパー改5,ヘビィボウガン,無属性,1738,,0,,40,死中に活,2,,,,ナルガクルガ,,,,,
cVWZgdtY,110038,冷たき月の駆動砲5,ヘビィボウガン,氷属性,1020,,1173,,0,ハイチャージ【氷】,1,,,,ルナガロン,,,,,
NLI5hBP7,110039,ゴルム・カノン改5,ヘビィボウガン,無属性,1979,,0,,0,果敢,1,,,,ガランゴルム,,,,,
lMUqAxgh,110040,ローゼンクーゲル改5,ヘビィボウガン,火属性,1197,,1154,,20,破壊王【SPスキル】,2,,,,エスピナス,,,,,
X8lq0weB,110041,欲動のトーデス5,ヘビィボウガン,龍属性,1205,,1305,,0,狩人の結束,1,,ハイチャージ【龍】,1,メル・ゼナ,,,,,
bEXjpul3,110042,ヒュドロスライモス5,ヘビィボウガン,水属性,1328,,1074,,20,狩人の結束,1,,弱点特効,1,ネロミェール,,,,,
pDe8u9fQ,110043,雷竜大砲【襲撃】改5,ヘビィボウガン,雷属性,1138,,1156,,20,雷属性攻撃強化,1,,,,ライゼクス,,,,,
BZAQdrPF,110044,カーニバル2024キャノン7,ヘビィボウガン,無属性,1978,,0,,0,防御,2,,,,なし,,https://monchan-db.s3.ap-northeast-1.amazonaws.com/1100xx/%E3%82%AB%E3%83%BC%E3%83%8B%E3%83%90%E3%83%AB2024%E3%82%AD%E3%83%A3%E3%83%8E%E3%83%B3.png,,2024/10/14 18:47:16,2024/10/17 10:33:28
qQIPfQRu,110045,夏宴の大砲8,ヘビィボウガン,火属性,1221,,1142,,0,アクセルスイミング【2025】,1,,,,なし,,,,,
cCRe0559,110046,ヘビィシューター5,ヘビィボウガン,無属性,1596,,0,,0,SPゲージ加速,1,,,,なし,,,,2024/10/05 0:30:54,2024/10/05 0:30:54
CN2H7Xy3,110047,エスペラキャノン5,ヘビィボウガン,無属性,1878,,0,,0,ガード性能,1,,,,なし,,https://monchan-db.s3.ap-northeast-1.amazonaws.com/1100xx/%E3%82%A8%E3%82%B9%E3%83%9A%E3%83%A9%E3%82%AD%E3%83%A3%E3%83%8E%E3%83%B3.png,,,
WzkkuScJ,120001,鋼鉄弓5,弓,無属性,1596,,0,,0,毒耐性,2,,,,なし,,https://monchan-db.s3.ap-northeast-1.amazonaws.com/1200xx/%E9%8B%BC%E9%89%84%E5%BC%93.png,,2024/08/03 9:29:34,2024/10/05 8:51:55
nRWpZXll,120002,リーシャアルサクル5,弓,無属性,1596,,0,,30,不屈,2,,,,クルルヤック,,https://monchan-db.s3.ap-northeast-1.amazonaws.com/1200xx/%E3%83%AA%E3%83%BC%E3%82%B7%E3%83%A3%E3%82%A2%E3%83%AB%E3%82%B5%E3%82%AF%E3%83%AB.png,,2024/08/03 9:29:34,2024/10/17 22:38:39
KTiBS5Iv,120003,ダチュラストリング5,弓,毒,1596,,400,,0,闇討ち,1,,,,プケプケ,,https://monchan-db.s3.ap-northeast-1.amazonaws.com/1200xx/%E3%83%80%E3%83%81%E3%83%A5%E3%83%A9%E3%82%B9%E3%83%88%E3%83%AA%E3%83%B3%E3%82%B0.png,,2024/08/03 9:29:34,2024/10/18 10:20:37
BZ6PBaRG,120004,ラグーナシュート6,弓,水属性,1221,,1142,,0,耳栓,1,,,,プケプケ亜種,,https://monchan-db.s3.ap-northeast-1.amazonaws.com/1200xx/%E3%83%A9%E3%82%B0%E3%83%BC%E3%83%8A%E3%82%B7%E3%83%A5%E3%83%BC%E3%83%88.png,,2024/08/03 9:29:34,2024/10/18 10:20:15
JmKUGcZs,120005,飛雷弓イテカガチ5,弓,雷属性,1293,,910,,0,回避距離UP,1,,,,トビカガチ,,https://monchan-db.s3.ap-northeast-1.amazonaws.com/1200xx/%E9%A3%9B%E9%9B%B7%E5%BC%93%E3%82%A4%E3%83%86%E3%82%AB%E3%82%AC%E3%83%81.png,,2024/08/03 9:29:34,2024/10/18 10:19:52
RhFicwup,120006,ナイトメアストリング6,弓,睡眠,1756,,300,,0,闇討ち,1,,,,パオウルムー亜種,,https://monchan-db.s3.ap-northeast-1.amazonaws.com/1200xx/%E3%83%8A%E3%82%A4%E3%83%88%E3%83%A1%E3%82%A2%E3%82%B9%E3%83%88%E3%83%AA%E3%83%B3%E3%82%B0.png,,2024/08/03 9:29:34,2024/10/17 22:40:27
NgBxOEtZ,120007,ウォーターシュート5,弓,水属性,1293,,910,,0,背水防御,1,,,,ジュラトドス,,https://monchan-db.s3.ap-northeast-1.amazonaws.com/1200xx/%E3%82%A6%E3%82%A9%E3%83%BC%E3%82%BF%E3%83%BC%E3%82%B7%E3%83%A5%E3%83%BC%E3%83%88.png,,2024/08/03 9:29:34,2024/10/17 22:38:06
m2qs8H16,120008,ジャナフアルカウス5,弓,火属性,1293,,910,,0,尻上がり,1,,,,アンジャナフ,,https://monchan-db.s3.ap-northeast-1.amazonaws.com/1200xx/%E3%82%B8%E3%83%A3%E3%83%8A%E3%83%95%E3%82%A2%E3%83%AB%E3%82%AB%E3%82%A6%E3%82%B9.png,,2024/08/03 9:29:34,2024/10/17 22:37:33
kWemgezI,120009,レラ=ジャナール6,弓,雷属性,1197,,1154,,20,会心撃【属性】,1,,,,アンジャナフ亜種,,,,,
uMbYXL9n,120010,プリンセスアロー7,弓,毒,1516,,496,,0,体力増強,2,,,,リオレイア,,https://monchan-db.s3.ap-northeast-1.amazonaws.com/1200xx/%E3%83%97%E3%83%AA%E3%83%B3%E3%82%BB%E3%82%B9%E3%82%A2%E3%83%AD%E3%83%BC.png,,2024/08/03 9:29:34,2024/10/17 22:37:15
lWQf4AiT,120011,ローゼスアロー6,弓,龍属性,1293,,910,,0,回避距離UP,1,,,,リオレイア亜種,,https://monchan-db.s3.ap-northeast-1.amazonaws.com/1200xx/%E3%83%AD%E3%83%BC%E3%82%BC%E3%82%B9%E3%82%A2%E3%83%AD%E3%83%BC.png,,2024/08/03 9:29:34,2024/10/17 20:43:26
LBhYClOq,120012,ルナティックアロー5,弓,龍属性,1258,,1082,,30,追い打ち【毒】,2,,,,リオレイア希少種,,https://monchan-db.s3.ap-northeast-1.amazonaws.com/1200xx/%E3%83%AB%E3%83%8A%E3%83%86%E3%82%A3%E3%83%83%E3%82%AF%E3%82%A2%E3%83%AD%E3%83%BC.png,,2024/10/14 18:52:33,2024/10/17 10:31:52
rnkh5Dd7,120013,ファーンライク5,弓,氷属性,1221,,1142,,0,精霊の加護,2,,,,レイギエナ,,https://monchan-db.s3.ap-northeast-1.amazonaws.com/1200xx/%E3%83%95%E3%82%A1%E3%83%BC%E3%83%B3%E3%83%A9%E3%82%A4%E3%82%AF.png,,2024/08/03 9:29:34,2024/10/17 22:35:57
iV5cgFWZ,120014,ブロスホーンボウ5,弓,無属性,1979,,0,,0,火事場力,1,,,,ディアブロス,,https://monchan-db.s3.ap-northeast-1.amazonaws.com/1200xx/%E3%83%96%E3%83%AD%E3%82%B9%E3%83%9B%E3%83%BC%E3%83%B3%E3%83%9C%E3%82%A6.png,,2024/08/03 9:29:34,2024/10/17 22:35:32
KfFaXeWZ,120015,角王弓ゲイルホーン5,弓,無属性,2218,,0,,-30,破壊王,1,,,,ディアブロス亜種,,https://monchan-db.s3.ap-northeast-1.amazonaws.com/1200xx/%E8%A7%92%E7%8E%8B%E5%BC%93%E3%82%B2%E3%82%A4%E3%83%AB%E3%83%9B%E3%83%BC%E3%83%B3.png,,2024/08/03 9:29:34,2024/10/17 22:35:12
e5viIOCy,120016,火竜の強弓6,弓,火属性,1221,,1142,,0,耳栓,1,,,,リオレウス,,https://monchan-db.s3.ap-northeast-1.amazonaws.com/1200xx/%E7%81%AB%E7%AB%9C%E3%81%AE%E5%BC%B7%E5%BC%93.png,,2024/08/03 9:29:34,2024/10/17 22:34:52
Fxk9fmDs,120017,蒼火竜の剛弓6,弓,火属性,1682,,605,,0,SPスキル威力アップ,1,,,,リオレウス亜種,,https://monchan-db.s3.ap-northeast-1.amazonaws.com/1200xx/%E8%92%BC%E7%81%AB%E7%AB%9C%E3%81%AE%E5%89%9B%E5%BC%93.png,,2024/08/03 9:29:34,2024/10/17 22:34:30
qZmpo2ws,120018,銀火竜の烈弓5,弓,火属性,1258,,1082,,30,会心撃【属性】,2,,,,リオレウス希少種,,https://monchan-db.s3.ap-northeast-1.amazonaws.com/1200xx/%E9%8A%80%E7%81%AB%E7%AB%9C%E3%81%AE%E7%83%88%E5%BC%93.png,,2024/10/14 18:50:33,2024/10/17 10:32:16
fGZHHrkD,120019,巨牛の大弓8,弓,無属性,1764,,0,,0,体幹強化,2,,,,バフバロ,,https://monchan-db.s3.ap-northeast-1.amazonaws.com/1200xx/%E5%B7%A8%E7%89%9B%E3%81%AE%E5%A4%A7%E5%BC%93.png,,2024/08/03 9:29:34,2024/10/17 22:34:12
CvSkL84J,120020,アイシクルブリザード7,弓,氷属性,1191,,910,,20,回避距離UP,1,,,,ベリオロス,,https://monchan-db.s3.ap-northeast-1.amazonaws.com/1200xx/%E3%82%A2%E3%82%A4%E3%82%B7%E3%82%AF%E3%83%AB%E3%83%96%E3%83%AA%E3%82%B6%E3%83%BC%E3%83%89.png,,2024/08/03 9:29:34,2024/12/06 22:09:38
SFsJuJEp,120021,王牙弓【稚雷】1,弓,雷属性,1221,,1142,,0,ジャスト回避強化,1,,,,ジンオウガ,,https://monchan-db.s3.ap-northeast-1.amazonaws.com/1200xx/%E7%8E%8B%E5%BC%93%E3%82%A8%E3%83%B3%E3%83%A9%E3%82%A4%E6%94%B9.png,,2024/08/03 9:29:34,2024/10/17 22:33:53
FDatEeqB,120022,ヴィランブレイス5,弓,龍属性,1318,,1261,,-30,フルチャージ,2,,,,イビルジョー,,https://monchan-db.s3.ap-northeast-1.amazonaws.com/1200xx/%E3%83%B4%E3%82%A3%E3%83%A9%E3%83%B3%E3%83%96%E3%83%AC%E3%82%A4%E3%82%B9.png,,2024/08/03 9:29:34,2024/10/17 22:33:33
Xfo4ujdT,120023,フルネイルカイル5,弓,雷属性,1194,,913,,20,フルチャージ,1,,,,フルフル,,https://monchan-db.s3.ap-northeast-1.amazonaws.com/1200xx/%E3%83%95%E3%83%AB%E3%83%8D%E3%82%A4%E3%83%AB%E3%82%AB%E3%82%A4%E3%83%AB.png,,2024/08/03 9:29:34,2024/12/06 20:45:56
BBKg1Fub,120024,アルナス=ダオラ5,弓,氷属性,1553,,974,,0,狩人の結束,1,,風圧耐性,2,クシャルダオラ,,https://monchan-db.s3.ap-northeast-1.amazonaws.com/1200xx/%E3%82%A2%E3%83%AB%E3%83%8A%E3%82%B9%3D%E3%83%80%E3%82%AA%E3%83%A9.png,,2024/08/03 9:29:34,2024/10/17 22:33:01
JJ6gOeQE,120025,なぐるやの遠弓の真弦5,弓,水属性,1138,,1156,,20,ジャスト回避強化,1,,,,タマミツネ,,https://monchan-db.s3.ap-northeast-1.amazonaws.com/1200xx/%E3%81%AA%E3%81%90%E3%82%8B%E3%82%84%E3%81%AE%E9%81%A0%E5%BC%93%E3%81%AE%E7%9C%9F%E5%BC%A6.png,,2024/08/03 9:29:34,2024/10/17 22:32:36
uD17LXgs,120026,勇猛と光明の凄烈弓5,弓,爆破,1684,,502,,0,狩人の結束,1,,火事場力,2,テオ・テスカトル,,https://monchan-db.s3.ap-northeast-1.amazonaws.com/1200xx/%E5%8B%87%E7%8C%9B%E3%81%A8%E5%85%89%E6%98%8E%E3%81%AE%E5%87%84%E7%83%88%E5%BC%93.png,,2024/08/20 15:36:19,2024/08/25 12:44:34
GOk9fDPe,120027,禍ツ弓ノ幽鬼キューヌ5,弓,爆破,1516,,496,,0,破壊王,1,,,,マガイマガド,,https://monchan-db.s3.ap-northeast-1.amazonaws.com/1200xx/%E7%A6%8D%E3%83%84%E5%BC%93%E3%83%8E%E5%B9%BD%E9%AC%BC%E3%82%AD%E3%83%A5%E3%83%BC%E3%83%8C.png,,2024/10/12 22:44:51,2024/10/18 10:23:48
mPfYmnpo,120028,雷弓【百獣王】5,弓,雷属性,1318,,1261,,-30,尻上がり,2,,,,ラージャン,,https://monchan-db.s3.ap-northeast-1.amazonaws.com/1200xx/%E9%9B%B7%E5%BC%93%E3%80%90%E7%99%BE%E7%8D%A3%E7%8E%8B%E3%80%91.png,,2024/10/12 22:42:33,2024/10/12 22:42:33
MO4X2Ih8,120029,必滅の一矢5,弓,龍属性,1553,,974,,0,狩人の結束,1,,破壊王,2,ネルギガンテ,,https://monchan-db.s3.ap-northeast-1.amazonaws.com/1200xx/%E5%BF%85%E6%BB%85%E3%81%AE%E4%B8%80%E7%9F%A2.png,,2024/10/14 18:53:51,2024/10/17 10:30:39
GetECuga,120030,レックスボウ6,弓,無属性,2198,,0,,-40,凶会心,1,,,,ティガレックス,,,,,
pQm73OTf,120031,カーサスアーク6,弓,無属性,2198,,0,,-10,弾導強化,3,,,,ティガレックス亜種,,,,,
hbRqfyCD,120032,青熊剛弓【蜜壺】5,弓,無属性,1971,,0,,-20,SPスキル威力アップ,2,,,,アオアシラ,,,,,
OJvCYPVW,120033,ディノアロー6,弓,火属性,1318,,1261,,-30,凶会心,1,,,,ディノバルド,,,,,
o0WIr2DG,120034,魔導弓アルマデール5,弓,毒,1741,,505,,0,狩人の結束,1,,闇討ち,2,オオナズチ,,,,,
k7bYLVwP,120035,ダーティリボルバー5,弓,毒,1647,,307,,10,集中,1,,,,ドスフロギィ,,,,,
FI5QOHvw,120036,大天具・光弓アイゼン,弓,麻痺,1516,,496,,0,グループハント強化【攻撃】,2,,,,ビシュテンゴ,,,,,
TVB3tclm,120037,ヒドゥンボウ改5,弓,無属性,1738,,0,,40,死中に活,2,,,,ナルガクルガ,,,,,
mz9KMxW9,120038,ネロ・プラヌラ5,弓,水属性,1328,,1074,,20,狩人の結束,1,,弱点特効,1,ネロミェール,,,,,
WtkeihJS,120039,冷たき月の弓改5,弓,氷属性,1020,,1173,,0,ハイチャージ【氷】,1,,,,ルナガロン,,,,,
GndBObky,120040,ゴルム・ボーゲン改5,弓,無属性,1979,,0,,0,果敢,1,,,,ガランゴルム,,,,,
gf2KDARY,120041,ローゼンボーゲン改5,弓,火属性,1197,,1154,,20,破壊王【SPスキル】,2,,,,エスピナス,,,,,
bcmI8NCV,120042,渇望のヴァンピア5,弓,龍属性,1205,,1305,,0,狩人の結束,1,,ハイチャージ【龍】,1,メル・ゼナ,,,,,
GOmQNstX,120043,炎尾弓リビオラ5,弓,火属性,1020,,1173,,0,勇猛,1,,,,ケマトリス,,,,,
fJAOCVw0,120044,雷撃弓トネール改5,弓,雷属性,1138,,1156,,20,雷属性攻撃強化,1,,,,ライゼクス,,,,,
P1z00ocH,120045,カーニバル2024アロー7,弓,爆破,1623,,313,,0,防御,2,,,,なし,,https://monchan-db.s3.ap-northeast-1.amazonaws.com/1200xx/%E3%82%AB%E3%83%BC%E3%83%8B%E3%83%90%E3%83%AB2024%E3%82%A2%E3%83%AD%E3%83%BC.png,,2024/10/14 18:55:16,2024/10/17 10:30:09
qQ6MCaS0,120046,パワーハンターボウ5,弓,無属性,1596,,0,,0,SPゲージ加速,1,,,,なし,,https://monchan-db.s3.ap-northeast-1.amazonaws.com/1200xx/%E3%83%91%E3%83%AF%E3%83%BC%E3%83%8F%E3%83%B3%E3%82%BF%E3%83%BC%E3%83%9C%E3%82%A6.png,,2024/08/03 9:29:34,2024/10/05 8:51:22
C07FTPbI,120047,エスペラボウ5,弓,無属性,1878,,0,,0,集中,1,,,,なし,,,,,
g8FgkfaB,120048,ラッピングアロー5,弓,麻痺,1020,,1173,,0,弾導強化,2,,,,なし,,,,,
